Copyright 1986-2022 Xilinx, Inc. All Rights Reserved. Copyright 2022-2024 Advanced Micro Devices, Inc. All Rights Reserved.
---------------------------------------------------------------------------------------------------------------------------------------------------------------------------------------------------------------
| Tool Version : Vivado v.2024.2 (win64) Build 5239630 Fri Nov 08 22:35:27 MST 2024
| Date         : Mon Apr  7 09:58:14 2025
| Host         : DESKTOP-191C9FV running 64-bit major release  (build 9200)
| Command      : report_timing_summary -max_paths 10 -report_unconstrained -file topMod_timing_summary_routed.rpt -pb topMod_timing_summary_routed.pb -rpx topMod_timing_summary_routed.rpx -warn_on_violation
| Design       : topMod
| Device       : 7a100t-csg324
| Speed File   : -1  PRODUCTION 1.23 2018-06-13
| Design State : Routed
---------------------------------------------------------------------------------------------------------------------------------------------------------------------------------------------------------------

Timing Summary Report

------------------------------------------------------------------------------------------------
| Timer Settings
| --------------
------------------------------------------------------------------------------------------------

  Enable Multi Corner Analysis               :  Yes
  Enable Pessimism Removal                   :  Yes
  Pessimism Removal Resolution               :  Nearest Common Node
  Enable Input Delay Default Clock           :  No
  Enable Preset / Clear Arcs                 :  No
  Disable Flight Delays                      :  No
  Ignore I/O Paths                           :  No
  Timing Early Launch at Borrowing Latches   :  No
  Borrow Time for Max Delay Exceptions       :  Yes
  Merge Timing Exceptions                    :  Yes
  Inter-SLR Compensation                     :  Conservative

  Corner  Analyze    Analyze    
  Name    Max Paths  Min Paths  
  ------  ---------  ---------  
  Slow    Yes        Yes        
  Fast    Yes        Yes        


------------------------------------------------------------------------------------------------
| Report Methodology
| ------------------
------------------------------------------------------------------------------------------------

Rule       Severity          Description                    Violations  
---------  ----------------  -----------------------------  ----------  
TIMING-17  Critical Warning  Non-clocked sequential cell    18          
TIMING-18  Warning           Missing input or output delay  5           

Note: This report is based on the most recent report_methodology run and may not be up-to-date. Run report_methodology on the current design for the latest report.



check_timing report

Table of Contents
-----------------
1. checking no_clock (18)
2. checking constant_clock (0)
3. checking pulse_width_clock (0)
4. checking unconstrained_internal_endpoints (35)
5. checking no_input_delay (3)
6. checking no_output_delay (1)
7. checking multiple_clock (0)
8. checking generated_clocks (0)
9. checking loops (0)
10. checking partial_input_delay (0)
11. checking partial_output_delay (0)
12. checking latch_loops (0)

1. checking no_clock (18)
-------------------------
 There are 18 register/latch pins with no clock driven by root clock pin: bd/outBaud_reg/Q (HIGH)


2. checking constant_clock (0)
------------------------------
 There are 0 register/latch pins with constant_clock.


3. checking pulse_width_clock (0)
---------------------------------
 There are 0 register/latch pins which need pulse_width check


4. checking unconstrained_internal_endpoints (35)
-------------------------------------------------
 There are 35 pins that are not constrained for maximum delay. (HIGH)

 There are 0 pins that are not constrained for maximum delay due to constant clock.


5. checking no_input_delay (3)
------------------------------
 There are 3 input ports with no input delay specified. (HIGH)

 There are 0 input ports with no input delay but user has a false path constraint.


6. checking no_output_delay (1)
-------------------------------
 There is 1 port with no output delay specified. (HIGH)

 There are 0 ports with no output delay but user has a false path constraint

 There are 0 ports with no output delay but with a timing clock defined on it or propagating through it


7. checking multiple_clock (0)
------------------------------
 There are 0 register/latch pins with multiple clocks.


8. checking generated_clocks (0)
--------------------------------
 There are 0 generated clocks that are not connected to a clock source.


9. checking loops (0)
---------------------
 There are 0 combinational loops in the design.


10. checking partial_input_delay (0)
------------------------------------
 There are 0 input ports with partial input delay specified.


11. checking partial_output_delay (0)
-------------------------------------
 There are 0 ports with partial output delay specified.


12. checking latch_loops (0)
----------------------------
 There are 0 combinational latch loops in the design through latch input



------------------------------------------------------------------------------------------------
| Design Timing Summary
| ---------------------
------------------------------------------------------------------------------------------------

    WNS(ns)      TNS(ns)  TNS Failing Endpoints  TNS Total Endpoints      WHS(ns)      THS(ns)  THS Failing Endpoints  THS Total Endpoints     WPWS(ns)     TPWS(ns)  TPWS Failing Endpoints  TPWS Total Endpoints  
    -------      -------  ---------------------  -------------------      -------      -------  ---------------------  -------------------     --------     --------  ----------------------  --------------------  
      5.962        0.000                      0                   91        0.149        0.000                      0                   91        4.500        0.000                       0                    47  


All user specified timing constraints are met.


------------------------------------------------------------------------------------------------
| Clock Summary
| -------------
------------------------------------------------------------------------------------------------

Clock        Waveform(ns)       Period(ns)      Frequency(MHz)
-----        ------------       ----------      --------------
sys_clk_pin  {0.000 5.000}      10.000          100.000         


------------------------------------------------------------------------------------------------
| Intra Clock Table
| -----------------
------------------------------------------------------------------------------------------------

Clock             WNS(ns)      TNS(ns)  TNS Failing Endpoints  TNS Total Endpoints      WHS(ns)      THS(ns)  THS Failing Endpoints  THS Total Endpoints     WPWS(ns)     TPWS(ns)  TPWS Failing Endpoints  TPWS Total Endpoints  
-----             -------      -------  ---------------------  -------------------      -------      -------  ---------------------  -------------------     --------     --------  ----------------------  --------------------  
sys_clk_pin         5.962        0.000                      0                   91        0.149        0.000                      0                   91        4.500        0.000                       0                    47  


------------------------------------------------------------------------------------------------
| Inter Clock Table
| -----------------
------------------------------------------------------------------------------------------------

From Clock    To Clock          WNS(ns)      TNS(ns)  TNS Failing Endpoints  TNS Total Endpoints      WHS(ns)      THS(ns)  THS Failing Endpoints  THS Total Endpoints  
----------    --------          -------      -------  ---------------------  -------------------      -------      -------  ---------------------  -------------------  


------------------------------------------------------------------------------------------------
| Other Path Groups Table
| -----------------------
------------------------------------------------------------------------------------------------

Path Group    From Clock    To Clock          WNS(ns)      TNS(ns)  TNS Failing Endpoints  TNS Total Endpoints      WHS(ns)      THS(ns)  THS Failing Endpoints  THS Total Endpoints  
----------    ----------    --------          -------      -------  ---------------------  -------------------      -------      -------  ---------------------  -------------------  


------------------------------------------------------------------------------------------------
| User Ignored Path Table
| -----------------------
------------------------------------------------------------------------------------------------

Path Group    From Clock    To Clock    
----------    ----------    --------    


------------------------------------------------------------------------------------------------
| Unconstrained Path Table
| ------------------------
------------------------------------------------------------------------------------------------

Path Group    From Clock    To Clock    
----------    ----------    --------    
(none)                                    
(none)        sys_clk_pin                 
(none)                      sys_clk_pin   


------------------------------------------------------------------------------------------------
| Timing Details
| --------------
------------------------------------------------------------------------------------------------


---------------------------------------------------------------------------------------------------
From Clock:  sys_clk_pin
  To Clock:  sys_clk_pin

Setup :            0  Failing Endpoints,  Worst Slack        5.962ns,  Total Violation        0.000ns
Hold  :            0  Failing Endpoints,  Worst Slack        0.149ns,  Total Violation        0.000ns
PW    :            0  Failing Endpoints,  Worst Slack        4.500ns,  Total Violation        0.000ns
---------------------------------------------------------------------------------------------------


Max Delay Paths
--------------------------------------------------------------------------------------
Slack (MET) :             5.962ns  (required time - arrival time)
  Source:                 uut/sendCommandCounter_reg[3]/C
                            (rising edge-triggered cell FDRE clocked by sys_clk_pin  {rise@0.000ns fall@5.000ns period=10.000ns})
  Destination:            uut/blipCounter_reg[0]/R
                            (rising edge-triggered cell FDRE clocked by sys_clk_pin  {rise@0.000ns fall@5.000ns period=10.000ns})
  Path Group:             sys_clk_pin
  Path Type:              Setup (Max at Slow Process Corner)
  Requirement:            10.000ns  (sys_clk_pin rise@10.000ns - sys_clk_pin rise@0.000ns)
  Data Path Delay:        3.342ns  (logic 0.932ns (27.888%)  route 2.410ns (72.112%))
  Logic Levels:           2  (LUT5=1 LUT6=1)
  Clock Path Skew:        -0.025ns (DCD - SCD + CPR)
    Destination Clock Delay (DCD):    5.028ns = ( 15.028 - 10.000 ) 
    Source Clock Delay      (SCD):    5.328ns
    Clock Pessimism Removal (CPR):    0.275ns
  Clock Uncertainty:      0.035ns  ((TSJ^2 + TIJ^2)^1/2 + DJ) / 2 + PE
    Total System Jitter     (TSJ):    0.071ns
    Total Input Jitter      (TIJ):    0.000ns
    Discrete Jitter          (DJ):    0.000ns
    Phase Error              (PE):    0.000ns

    Location             Delay type                Incr(ns)  Path(ns)    Netlist Resource(s)
  -------------------------------------------------------------------    -------------------
                         (clock sys_clk_pin rise edge)
                                                      0.000     0.000 r  
    E3                                                0.000     0.000 r  clk (IN)
                         net (fo=0)                   0.000     0.000    clk
    E3                   IBUF (Prop_ibuf_I_O)         1.482     1.482 r  clk_IBUF_inst/O
                         net (fo=1, routed)           2.025     3.506    clk_IBUF
    BUFGCTRL_X0Y16       BUFG (Prop_bufg_I_O)         0.096     3.602 r  clk_IBUF_BUFG_inst/O
                         net (fo=46, routed)          1.725     5.328    uut/clk_IBUF_BUFG
    SLICE_X2Y94          FDRE                                         r  uut/sendCommandCounter_reg[3]/C
  -------------------------------------------------------------------    -------------------
    SLICE_X2Y94          FDRE (Prop_fdre_C_Q)         0.478     5.806 f  uut/sendCommandCounter_reg[3]/Q
                         net (fo=4, routed)           0.900     6.705    uut/sendCommandCounter[3]
    SLICE_X2Y94          LUT6 (Prop_lut6_I3_O)        0.301     7.006 f  uut/stateNext[2]_i_2/O
                         net (fo=7, routed)           0.981     7.987    uut/stateNext[2]_i_2_n_0
    SLICE_X2Y93          LUT5 (Prop_lut5_I1_O)        0.153     8.140 r  uut/blipCounter[4]_i_1/O
                         net (fo=4, routed)           0.529     8.670    uut/blipCounter[4]_i_1_n_0
    SLICE_X0Y93          FDRE                                         r  uut/blipCounter_reg[0]/R
  -------------------------------------------------------------------    -------------------

                         (clock sys_clk_pin rise edge)
                                                     10.000    10.000 r  
    E3                                                0.000    10.000 r  clk (IN)
                         net (fo=0)                   0.000    10.000    clk
    E3                   IBUF (Prop_ibuf_I_O)         1.411    11.411 r  clk_IBUF_inst/O
                         net (fo=1, routed)           1.920    13.331    clk_IBUF
    BUFGCTRL_X0Y16       BUFG (Prop_bufg_I_O)         0.091    13.422 r  clk_IBUF_BUFG_inst/O
                         net (fo=46, routed)          1.605    15.028    uut/clk_IBUF_BUFG
    SLICE_X0Y93          FDRE                                         r  uut/blipCounter_reg[0]/C
                         clock pessimism              0.275    15.303    
                         clock uncertainty           -0.035    15.267    
    SLICE_X0Y93          FDRE (Setup_fdre_C_R)       -0.636    14.631    uut/blipCounter_reg[0]
  -------------------------------------------------------------------
                         required time                         14.631    
                         arrival time                          -8.670    
  -------------------------------------------------------------------
                         slack                                  5.962    

Slack (MET) :             5.962ns  (required time - arrival time)
  Source:                 uut/sendCommandCounter_reg[3]/C
                            (rising edge-triggered cell FDRE clocked by sys_clk_pin  {rise@0.000ns fall@5.000ns period=10.000ns})
  Destination:            uut/blipCounter_reg[2]/R
                            (rising edge-triggered cell FDRE clocked by sys_clk_pin  {rise@0.000ns fall@5.000ns period=10.000ns})
  Path Group:             sys_clk_pin
  Path Type:              Setup (Max at Slow Process Corner)
  Requirement:            10.000ns  (sys_clk_pin rise@10.000ns - sys_clk_pin rise@0.000ns)
  Data Path Delay:        3.342ns  (logic 0.932ns (27.888%)  route 2.410ns (72.112%))
  Logic Levels:           2  (LUT5=1 LUT6=1)
  Clock Path Skew:        -0.025ns (DCD - SCD + CPR)
    Destination Clock Delay (DCD):    5.028ns = ( 15.028 - 10.000 ) 
    Source Clock Delay      (SCD):    5.328ns
    Clock Pessimism Removal (CPR):    0.275ns
  Clock Uncertainty:      0.035ns  ((TSJ^2 + TIJ^2)^1/2 + DJ) / 2 + PE
    Total System Jitter     (TSJ):    0.071ns
    Total Input Jitter      (TIJ):    0.000ns
    Discrete Jitter          (DJ):    0.000ns
    Phase Error              (PE):    0.000ns

    Location             Delay type                Incr(ns)  Path(ns)    Netlist Resource(s)
  -------------------------------------------------------------------    -------------------
                         (clock sys_clk_pin rise edge)
                                                      0.000     0.000 r  
    E3                                                0.000     0.000 r  clk (IN)
                         net (fo=0)                   0.000     0.000    clk
    E3                   IBUF (Prop_ibuf_I_O)         1.482     1.482 r  clk_IBUF_inst/O
                         net (fo=1, routed)           2.025     3.506    clk_IBUF
    BUFGCTRL_X0Y16       BUFG (Prop_bufg_I_O)         0.096     3.602 r  clk_IBUF_BUFG_inst/O
                         net (fo=46, routed)          1.725     5.328    uut/clk_IBUF_BUFG
    SLICE_X2Y94          FDRE                                         r  uut/sendCommandCounter_reg[3]/C
  -------------------------------------------------------------------    -------------------
    SLICE_X2Y94          FDRE (Prop_fdre_C_Q)         0.478     5.806 f  uut/sendCommandCounter_reg[3]/Q
                         net (fo=4, routed)           0.900     6.705    uut/sendCommandCounter[3]
    SLICE_X2Y94          LUT6 (Prop_lut6_I3_O)        0.301     7.006 f  uut/stateNext[2]_i_2/O
                         net (fo=7, routed)           0.981     7.987    uut/stateNext[2]_i_2_n_0
    SLICE_X2Y93          LUT5 (Prop_lut5_I1_O)        0.153     8.140 r  uut/blipCounter[4]_i_1/O
                         net (fo=4, routed)           0.529     8.670    uut/blipCounter[4]_i_1_n_0
    SLICE_X0Y93          FDRE                                         r  uut/blipCounter_reg[2]/R
  -------------------------------------------------------------------    -------------------

                         (clock sys_clk_pin rise edge)
                                                     10.000    10.000 r  
    E3                                                0.000    10.000 r  clk (IN)
                         net (fo=0)                   0.000    10.000    clk
    E3                   IBUF (Prop_ibuf_I_O)         1.411    11.411 r  clk_IBUF_inst/O
                         net (fo=1, routed)           1.920    13.331    clk_IBUF
    BUFGCTRL_X0Y16       BUFG (Prop_bufg_I_O)         0.091    13.422 r  clk_IBUF_BUFG_inst/O
                         net (fo=46, routed)          1.605    15.028    uut/clk_IBUF_BUFG
    SLICE_X0Y93          FDRE                                         r  uut/blipCounter_reg[2]/C
                         clock pessimism              0.275    15.303    
                         clock uncertainty           -0.035    15.267    
    SLICE_X0Y93          FDRE (Setup_fdre_C_R)       -0.636    14.631    uut/blipCounter_reg[2]
  -------------------------------------------------------------------
                         required time                         14.631    
                         arrival time                          -8.670    
  -------------------------------------------------------------------
                         slack                                  5.962    

Slack (MET) :             5.962ns  (required time - arrival time)
  Source:                 uut/sendCommandCounter_reg[3]/C
                            (rising edge-triggered cell FDRE clocked by sys_clk_pin  {rise@0.000ns fall@5.000ns period=10.000ns})
  Destination:            uut/blipCounter_reg[3]/R
                            (rising edge-triggered cell FDRE clocked by sys_clk_pin  {rise@0.000ns fall@5.000ns period=10.000ns})
  Path Group:             sys_clk_pin
  Path Type:              Setup (Max at Slow Process Corner)
  Requirement:            10.000ns  (sys_clk_pin rise@10.000ns - sys_clk_pin rise@0.000ns)
  Data Path Delay:        3.342ns  (logic 0.932ns (27.888%)  route 2.410ns (72.112%))
  Logic Levels:           2  (LUT5=1 LUT6=1)
  Clock Path Skew:        -0.025ns (DCD - SCD + CPR)
    Destination Clock Delay (DCD):    5.028ns = ( 15.028 - 10.000 ) 
    Source Clock Delay      (SCD):    5.328ns
    Clock Pessimism Removal (CPR):    0.275ns
  Clock Uncertainty:      0.035ns  ((TSJ^2 + TIJ^2)^1/2 + DJ) / 2 + PE
    Total System Jitter     (TSJ):    0.071ns
    Total Input Jitter      (TIJ):    0.000ns
    Discrete Jitter          (DJ):    0.000ns
    Phase Error              (PE):    0.000ns

    Location             Delay type                Incr(ns)  Path(ns)    Netlist Resource(s)
  -------------------------------------------------------------------    -------------------
                         (clock sys_clk_pin rise edge)
                                                      0.000     0.000 r  
    E3                                                0.000     0.000 r  clk (IN)
                         net (fo=0)                   0.000     0.000    clk
    E3                   IBUF (Prop_ibuf_I_O)         1.482     1.482 r  clk_IBUF_inst/O
                         net (fo=1, routed)           2.025     3.506    clk_IBUF
    BUFGCTRL_X0Y16       BUFG (Prop_bufg_I_O)         0.096     3.602 r  clk_IBUF_BUFG_inst/O
                         net (fo=46, routed)          1.725     5.328    uut/clk_IBUF_BUFG
    SLICE_X2Y94          FDRE                                         r  uut/sendCommandCounter_reg[3]/C
  -------------------------------------------------------------------    -------------------
    SLICE_X2Y94          FDRE (Prop_fdre_C_Q)         0.478     5.806 f  uut/sendCommandCounter_reg[3]/Q
                         net (fo=4, routed)           0.900     6.705    uut/sendCommandCounter[3]
    SLICE_X2Y94          LUT6 (Prop_lut6_I3_O)        0.301     7.006 f  uut/stateNext[2]_i_2/O
                         net (fo=7, routed)           0.981     7.987    uut/stateNext[2]_i_2_n_0
    SLICE_X2Y93          LUT5 (Prop_lut5_I1_O)        0.153     8.140 r  uut/blipCounter[4]_i_1/O
                         net (fo=4, routed)           0.529     8.670    uut/blipCounter[4]_i_1_n_0
    SLICE_X0Y93          FDRE                                         r  uut/blipCounter_reg[3]/R
  -------------------------------------------------------------------    -------------------

                         (clock sys_clk_pin rise edge)
                                                     10.000    10.000 r  
    E3                                                0.000    10.000 r  clk (IN)
                         net (fo=0)                   0.000    10.000    clk
    E3                   IBUF (Prop_ibuf_I_O)         1.411    11.411 r  clk_IBUF_inst/O
                         net (fo=1, routed)           1.920    13.331    clk_IBUF
    BUFGCTRL_X0Y16       BUFG (Prop_bufg_I_O)         0.091    13.422 r  clk_IBUF_BUFG_inst/O
                         net (fo=46, routed)          1.605    15.028    uut/clk_IBUF_BUFG
    SLICE_X0Y93          FDRE                                         r  uut/blipCounter_reg[3]/C
                         clock pessimism              0.275    15.303    
                         clock uncertainty           -0.035    15.267    
    SLICE_X0Y93          FDRE (Setup_fdre_C_R)       -0.636    14.631    uut/blipCounter_reg[3]
  -------------------------------------------------------------------
                         required time                         14.631    
                         arrival time                          -8.670    
  -------------------------------------------------------------------
                         slack                                  5.962    

Slack (MET) :             5.962ns  (required time - arrival time)
  Source:                 uut/sendCommandCounter_reg[3]/C
                            (rising edge-triggered cell FDRE clocked by sys_clk_pin  {rise@0.000ns fall@5.000ns period=10.000ns})
  Destination:            uut/blipCounter_reg[4]/R
                            (rising edge-triggered cell FDRE clocked by sys_clk_pin  {rise@0.000ns fall@5.000ns period=10.000ns})
  Path Group:             sys_clk_pin
  Path Type:              Setup (Max at Slow Process Corner)
  Requirement:            10.000ns  (sys_clk_pin rise@10.000ns - sys_clk_pin rise@0.000ns)
  Data Path Delay:        3.342ns  (logic 0.932ns (27.888%)  route 2.410ns (72.112%))
  Logic Levels:           2  (LUT5=1 LUT6=1)
  Clock Path Skew:        -0.025ns (DCD - SCD + CPR)
    Destination Clock Delay (DCD):    5.028ns = ( 15.028 - 10.000 ) 
    Source Clock Delay      (SCD):    5.328ns
    Clock Pessimism Removal (CPR):    0.275ns
  Clock Uncertainty:      0.035ns  ((TSJ^2 + TIJ^2)^1/2 + DJ) / 2 + PE
    Total System Jitter     (TSJ):    0.071ns
    Total Input Jitter      (TIJ):    0.000ns
    Discrete Jitter          (DJ):    0.000ns
    Phase Error              (PE):    0.000ns

    Location             Delay type                Incr(ns)  Path(ns)    Netlist Resource(s)
  -------------------------------------------------------------------    -------------------
                         (clock sys_clk_pin rise edge)
                                                      0.000     0.000 r  
    E3                                                0.000     0.000 r  clk (IN)
                         net (fo=0)                   0.000     0.000    clk
    E3                   IBUF (Prop_ibuf_I_O)         1.482     1.482 r  clk_IBUF_inst/O
                         net (fo=1, routed)           2.025     3.506    clk_IBUF
    BUFGCTRL_X0Y16       BUFG (Prop_bufg_I_O)         0.096     3.602 r  clk_IBUF_BUFG_inst/O
                         net (fo=46, routed)          1.725     5.328    uut/clk_IBUF_BUFG
    SLICE_X2Y94          FDRE                                         r  uut/sendCommandCounter_reg[3]/C
  -------------------------------------------------------------------    -------------------
    SLICE_X2Y94          FDRE (Prop_fdre_C_Q)         0.478     5.806 f  uut/sendCommandCounter_reg[3]/Q
                         net (fo=4, routed)           0.900     6.705    uut/sendCommandCounter[3]
    SLICE_X2Y94          LUT6 (Prop_lut6_I3_O)        0.301     7.006 f  uut/stateNext[2]_i_2/O
                         net (fo=7, routed)           0.981     7.987    uut/stateNext[2]_i_2_n_0
    SLICE_X2Y93          LUT5 (Prop_lut5_I1_O)        0.153     8.140 r  uut/blipCounter[4]_i_1/O
                         net (fo=4, routed)           0.529     8.670    uut/blipCounter[4]_i_1_n_0
    SLICE_X0Y93          FDRE                                         r  uut/blipCounter_reg[4]/R
  -------------------------------------------------------------------    -------------------

                         (clock sys_clk_pin rise edge)
                                                     10.000    10.000 r  
    E3                                                0.000    10.000 r  clk (IN)
                         net (fo=0)                   0.000    10.000    clk
    E3                   IBUF (Prop_ibuf_I_O)         1.411    11.411 r  clk_IBUF_inst/O
                         net (fo=1, routed)           1.920    13.331    clk_IBUF
    BUFGCTRL_X0Y16       BUFG (Prop_bufg_I_O)         0.091    13.422 r  clk_IBUF_BUFG_inst/O
                         net (fo=46, routed)          1.605    15.028    uut/clk_IBUF_BUFG
    SLICE_X0Y93          FDRE                                         r  uut/blipCounter_reg[4]/C
                         clock pessimism              0.275    15.303    
                         clock uncertainty           -0.035    15.267    
    SLICE_X0Y93          FDRE (Setup_fdre_C_R)       -0.636    14.631    uut/blipCounter_reg[4]
  -------------------------------------------------------------------
                         required time                         14.631    
                         arrival time                          -8.670    
  -------------------------------------------------------------------
                         slack                                  5.962    

Slack (MET) :             6.196ns  (required time - arrival time)
  Source:                 bd/counter_reg[2]/C
                            (rising edge-triggered cell FDRE clocked by sys_clk_pin  {rise@0.000ns fall@5.000ns period=10.000ns})
  Destination:            bd/counter_reg[8]/D
                            (rising edge-triggered cell FDRE clocked by sys_clk_pin  {rise@0.000ns fall@5.000ns period=10.000ns})
  Path Group:             sys_clk_pin
  Path Type:              Setup (Max at Slow Process Corner)
  Requirement:            10.000ns  (sys_clk_pin rise@10.000ns - sys_clk_pin rise@0.000ns)
  Data Path Delay:        3.774ns  (logic 1.247ns (33.040%)  route 2.527ns (66.960%))
  Logic Levels:           3  (LUT4=1 LUT5=1 LUT6=1)
  Clock Path Skew:        -0.025ns (DCD - SCD + CPR)
    Destination Clock Delay (DCD):    5.025ns = ( 15.025 - 10.000 ) 
    Source Clock Delay      (SCD):    5.326ns
    Clock Pessimism Removal (CPR):    0.276ns
  Clock Uncertainty:      0.035ns  ((TSJ^2 + TIJ^2)^1/2 + DJ) / 2 + PE
    Total System Jitter     (TSJ):    0.071ns
    Total Input Jitter      (TIJ):    0.000ns
    Discrete Jitter          (DJ):    0.000ns
    Phase Error              (PE):    0.000ns

    Location             Delay type                Incr(ns)  Path(ns)    Netlist Resource(s)
  -------------------------------------------------------------------    -------------------
                         (clock sys_clk_pin rise edge)
                                                      0.000     0.000 r  
    E3                                                0.000     0.000 r  clk (IN)
                         net (fo=0)                   0.000     0.000    clk
    E3                   IBUF (Prop_ibuf_I_O)         1.482     1.482 r  clk_IBUF_inst/O
                         net (fo=1, routed)           2.025     3.506    clk_IBUF
    BUFGCTRL_X0Y16       BUFG (Prop_bufg_I_O)         0.096     3.602 r  clk_IBUF_BUFG_inst/O
                         net (fo=46, routed)          1.723     5.326    bd/clk_IBUF_BUFG
    SLICE_X6Y92          FDRE                                         r  bd/counter_reg[2]/C
  -------------------------------------------------------------------    -------------------
    SLICE_X6Y92          FDRE (Prop_fdre_C_Q)         0.478     5.804 r  bd/counter_reg[2]/Q
                         net (fo=6, routed)           0.853     6.657    bd/sel0[3]
    SLICE_X4Y91          LUT6 (Prop_lut6_I1_O)        0.295     6.952 r  bd/counter[7]_i_2/O
                         net (fo=4, routed)           0.964     7.915    bd/counter[7]_i_2_n_0
    SLICE_X6Y93          LUT5 (Prop_lut5_I3_O)        0.146     8.061 r  bd/counter[9]_i_3/O
                         net (fo=2, routed)           0.711     8.772    bd/counter[9]_i_3_n_0
    SLICE_X4Y91          LUT4 (Prop_lut4_I1_O)        0.328     9.100 r  bd/counter[8]_i_1/O
                         net (fo=1, routed)           0.000     9.100    bd/counter[8]
    SLICE_X4Y91          FDRE                                         r  bd/counter_reg[8]/D
  -------------------------------------------------------------------    -------------------

                         (clock sys_clk_pin rise edge)
                                                     10.000    10.000 r  
    E3                                                0.000    10.000 r  clk (IN)
                         net (fo=0)                   0.000    10.000    clk
    E3                   IBUF (Prop_ibuf_I_O)         1.411    11.411 r  clk_IBUF_inst/O
                         net (fo=1, routed)           1.920    13.331    clk_IBUF
    BUFGCTRL_X0Y16       BUFG (Prop_bufg_I_O)         0.091    13.422 r  clk_IBUF_BUFG_inst/O
                         net (fo=46, routed)          1.602    15.025    bd/clk_IBUF_BUFG
    SLICE_X4Y91          FDRE                                         r  bd/counter_reg[8]/C
                         clock pessimism              0.276    15.301    
                         clock uncertainty           -0.035    15.265    
    SLICE_X4Y91          FDRE (Setup_fdre_C_D)        0.031    15.296    bd/counter_reg[8]
  -------------------------------------------------------------------
                         required time                         15.296    
                         arrival time                          -9.100    
  -------------------------------------------------------------------
                         slack                                  6.196    

Slack (MET) :             6.214ns  (required time - arrival time)
  Source:                 bd/counter_reg[2]/C
                            (rising edge-triggered cell FDRE clocked by sys_clk_pin  {rise@0.000ns fall@5.000ns period=10.000ns})
  Destination:            bd/counter_reg[9]/D
                            (rising edge-triggered cell FDRE clocked by sys_clk_pin  {rise@0.000ns fall@5.000ns period=10.000ns})
  Path Group:             sys_clk_pin
  Path Type:              Setup (Max at Slow Process Corner)
  Requirement:            10.000ns  (sys_clk_pin rise@10.000ns - sys_clk_pin rise@0.000ns)
  Data Path Delay:        3.800ns  (logic 1.273ns (33.498%)  route 2.527ns (66.502%))
  Logic Levels:           3  (LUT5=2 LUT6=1)
  Clock Path Skew:        -0.025ns (DCD - SCD + CPR)
    Destination Clock Delay (DCD):    5.025ns = ( 15.025 - 10.000 ) 
    Source Clock Delay      (SCD):    5.326ns
    Clock Pessimism Removal (CPR):    0.276ns
  Clock Uncertainty:      0.035ns  ((TSJ^2 + TIJ^2)^1/2 + DJ) / 2 + PE
    Total System Jitter     (TSJ):    0.071ns
    Total Input Jitter      (TIJ):    0.000ns
    Discrete Jitter          (DJ):    0.000ns
    Phase Error              (PE):    0.000ns

    Location             Delay type                Incr(ns)  Path(ns)    Netlist Resource(s)
  -------------------------------------------------------------------    -------------------
                         (clock sys_clk_pin rise edge)
                                                      0.000     0.000 r  
    E3                                                0.000     0.000 r  clk (IN)
                         net (fo=0)                   0.000     0.000    clk
    E3                   IBUF (Prop_ibuf_I_O)         1.482     1.482 r  clk_IBUF_inst/O
                         net (fo=1, routed)           2.025     3.506    clk_IBUF
    BUFGCTRL_X0Y16       BUFG (Prop_bufg_I_O)         0.096     3.602 r  clk_IBUF_BUFG_inst/O
                         net (fo=46, routed)          1.723     5.326    bd/clk_IBUF_BUFG
    SLICE_X6Y92          FDRE                                         r  bd/counter_reg[2]/C
  -------------------------------------------------------------------    -------------------
    SLICE_X6Y92          FDRE (Prop_fdre_C_Q)         0.478     5.804 r  bd/counter_reg[2]/Q
                         net (fo=6, routed)           0.853     6.657    bd/sel0[3]
    SLICE_X4Y91          LUT6 (Prop_lut6_I1_O)        0.295     6.952 r  bd/counter[7]_i_2/O
                         net (fo=4, routed)           0.964     7.915    bd/counter[7]_i_2_n_0
    SLICE_X6Y93          LUT5 (Prop_lut5_I3_O)        0.146     8.061 r  bd/counter[9]_i_3/O
                         net (fo=2, routed)           0.711     8.772    bd/counter[9]_i_3_n_0
    SLICE_X4Y91          LUT5 (Prop_lut5_I1_O)        0.354     9.126 r  bd/counter[9]_i_2/O
                         net (fo=1, routed)           0.000     9.126    bd/counter[9]
    SLICE_X4Y91          FDRE                                         r  bd/counter_reg[9]/D
  -------------------------------------------------------------------    -------------------

                         (clock sys_clk_pin rise edge)
                                                     10.000    10.000 r  
    E3                                                0.000    10.000 r  clk (IN)
                         net (fo=0)                   0.000    10.000    clk
    E3                   IBUF (Prop_ibuf_I_O)         1.411    11.411 r  clk_IBUF_inst/O
                         net (fo=1, routed)           1.920    13.331    clk_IBUF
    BUFGCTRL_X0Y16       BUFG (Prop_bufg_I_O)         0.091    13.422 r  clk_IBUF_BUFG_inst/O
                         net (fo=46, routed)          1.602    15.025    bd/clk_IBUF_BUFG
    SLICE_X4Y91          FDRE                                         r  bd/counter_reg[9]/C
                         clock pessimism              0.276    15.301    
                         clock uncertainty           -0.035    15.265    
    SLICE_X4Y91          FDRE (Setup_fdre_C_D)        0.075    15.340    bd/counter_reg[9]
  -------------------------------------------------------------------
                         required time                         15.340    
                         arrival time                          -9.126    
  -------------------------------------------------------------------
                         slack                                  6.214    

Slack (MET) :             6.458ns  (required time - arrival time)
  Source:                 bd/counter_reg[6]/C
                            (rising edge-triggered cell FDRE clocked by sys_clk_pin  {rise@0.000ns fall@5.000ns period=10.000ns})
  Destination:            bd/counter_reg[1]/D
                            (rising edge-triggered cell FDRE clocked by sys_clk_pin  {rise@0.000ns fall@5.000ns period=10.000ns})
  Path Group:             sys_clk_pin
  Path Type:              Setup (Max at Slow Process Corner)
  Requirement:            10.000ns  (sys_clk_pin rise@10.000ns - sys_clk_pin rise@0.000ns)
  Data Path Delay:        3.558ns  (logic 0.966ns (27.148%)  route 2.592ns (72.852%))
  Logic Levels:           3  (LUT4=2 LUT5=1)
  Clock Path Skew:        -0.025ns (DCD - SCD + CPR)
    Destination Clock Delay (DCD):    5.025ns = ( 15.025 - 10.000 ) 
    Source Clock Delay      (SCD):    5.326ns
    Clock Pessimism Removal (CPR):    0.276ns
  Clock Uncertainty:      0.035ns  ((TSJ^2 + TIJ^2)^1/2 + DJ) / 2 + PE
    Total System Jitter     (TSJ):    0.071ns
    Total Input Jitter      (TIJ):    0.000ns
    Discrete Jitter          (DJ):    0.000ns
    Phase Error              (PE):    0.000ns

    Location             Delay type                Incr(ns)  Path(ns)    Netlist Resource(s)
  -------------------------------------------------------------------    -------------------
                         (clock sys_clk_pin rise edge)
                                                      0.000     0.000 r  
    E3                                                0.000     0.000 r  clk (IN)
                         net (fo=0)                   0.000     0.000    clk
    E3                   IBUF (Prop_ibuf_I_O)         1.482     1.482 r  clk_IBUF_inst/O
                         net (fo=1, routed)           2.025     3.506    clk_IBUF
    BUFGCTRL_X0Y16       BUFG (Prop_bufg_I_O)         0.096     3.602 r  clk_IBUF_BUFG_inst/O
                         net (fo=46, routed)          1.723     5.326    bd/clk_IBUF_BUFG
    SLICE_X5Y92          FDRE                                         r  bd/counter_reg[6]/C
  -------------------------------------------------------------------    -------------------
    SLICE_X5Y92          FDRE (Prop_fdre_C_Q)         0.419     5.745 r  bd/counter_reg[6]/Q
                         net (fo=5, routed)           1.016     6.761    bd/sel0[7]
    SLICE_X4Y93          LUT4 (Prop_lut4_I0_O)        0.299     7.060 r  bd/counter[9]_i_5/O
                         net (fo=1, routed)           0.811     7.871    bd/counter[9]_i_5_n_0
    SLICE_X4Y92          LUT5 (Prop_lut5_I3_O)        0.124     7.995 r  bd/counter[9]_i_4/O
                         net (fo=10, routed)          0.765     8.760    bd/counter[9]_i_4_n_0
    SLICE_X6Y92          LUT4 (Prop_lut4_I3_O)        0.124     8.884 r  bd/counter[1]_i_1/O
                         net (fo=1, routed)           0.000     8.884    bd/counter[1]
    SLICE_X6Y92          FDRE                                         r  bd/counter_reg[1]/D
  -------------------------------------------------------------------    -------------------

                         (clock sys_clk_pin rise edge)
                                                     10.000    10.000 r  
    E3                                                0.000    10.000 r  clk (IN)
                         net (fo=0)                   0.000    10.000    clk
    E3                   IBUF (Prop_ibuf_I_O)         1.411    11.411 r  clk_IBUF_inst/O
                         net (fo=1, routed)           1.920    13.331    clk_IBUF
    BUFGCTRL_X0Y16       BUFG (Prop_bufg_I_O)         0.091    13.422 r  clk_IBUF_BUFG_inst/O
                         net (fo=46, routed)          1.602    15.025    bd/clk_IBUF_BUFG
    SLICE_X6Y92          FDRE                                         r  bd/counter_reg[1]/C
                         clock pessimism              0.276    15.301    
                         clock uncertainty           -0.035    15.265    
    SLICE_X6Y92          FDRE (Setup_fdre_C_D)        0.077    15.342    bd/counter_reg[1]
  -------------------------------------------------------------------
                         required time                         15.342    
                         arrival time                          -8.884    
  -------------------------------------------------------------------
                         slack                                  6.458    

Slack (MET) :             6.473ns  (required time - arrival time)
  Source:                 bd/counter_reg[6]/C
                            (rising edge-triggered cell FDRE clocked by sys_clk_pin  {rise@0.000ns fall@5.000ns period=10.000ns})
  Destination:            bd/counter_reg[2]/D
                            (rising edge-triggered cell FDRE clocked by sys_clk_pin  {rise@0.000ns fall@5.000ns period=10.000ns})
  Path Group:             sys_clk_pin
  Path Type:              Setup (Max at Slow Process Corner)
  Requirement:            10.000ns  (sys_clk_pin rise@10.000ns - sys_clk_pin rise@0.000ns)
  Data Path Delay:        3.584ns  (logic 0.992ns (27.677%)  route 2.592ns (72.323%))
  Logic Levels:           3  (LUT4=1 LUT5=2)
  Clock Path Skew:        -0.025ns (DCD - SCD + CPR)
    Destination Clock Delay (DCD):    5.025ns = ( 15.025 - 10.000 ) 
    Source Clock Delay      (SCD):    5.326ns
    Clock Pessimism Removal (CPR):    0.276ns
  Clock Uncertainty:      0.035ns  ((TSJ^2 + TIJ^2)^1/2 + DJ) / 2 + PE
    Total System Jitter     (TSJ):    0.071ns
    Total Input Jitter      (TIJ):    0.000ns
    Discrete Jitter          (DJ):    0.000ns
    Phase Error              (PE):    0.000ns

    Location             Delay type                Incr(ns)  Path(ns)    Netlist Resource(s)
  -------------------------------------------------------------------    -------------------
                         (clock sys_clk_pin rise edge)
                                                      0.000     0.000 r  
    E3                                                0.000     0.000 r  clk (IN)
                         net (fo=0)                   0.000     0.000    clk
    E3                   IBUF (Prop_ibuf_I_O)         1.482     1.482 r  clk_IBUF_inst/O
                         net (fo=1, routed)           2.025     3.506    clk_IBUF
    BUFGCTRL_X0Y16       BUFG (Prop_bufg_I_O)         0.096     3.602 r  clk_IBUF_BUFG_inst/O
                         net (fo=46, routed)          1.723     5.326    bd/clk_IBUF_BUFG
    SLICE_X5Y92          FDRE                                         r  bd/counter_reg[6]/C
  -------------------------------------------------------------------    -------------------
    SLICE_X5Y92          FDRE (Prop_fdre_C_Q)         0.419     5.745 r  bd/counter_reg[6]/Q
                         net (fo=5, routed)           1.016     6.761    bd/sel0[7]
    SLICE_X4Y93          LUT4 (Prop_lut4_I0_O)        0.299     7.060 r  bd/counter[9]_i_5/O
                         net (fo=1, routed)           0.811     7.871    bd/counter[9]_i_5_n_0
    SLICE_X4Y92          LUT5 (Prop_lut5_I3_O)        0.124     7.995 r  bd/counter[9]_i_4/O
                         net (fo=10, routed)          0.765     8.760    bd/counter[9]_i_4_n_0
    SLICE_X6Y92          LUT5 (Prop_lut5_I4_O)        0.150     8.910 r  bd/counter[2]_i_1/O
                         net (fo=1, routed)           0.000     8.910    bd/counter[2]
    SLICE_X6Y92          FDRE                                         r  bd/counter_reg[2]/D
  -------------------------------------------------------------------    -------------------

                         (clock sys_clk_pin rise edge)
                                                     10.000    10.000 r  
    E3                                                0.000    10.000 r  clk (IN)
                         net (fo=0)                   0.000    10.000    clk
    E3                   IBUF (Prop_ibuf_I_O)         1.411    11.411 r  clk_IBUF_inst/O
                         net (fo=1, routed)           1.920    13.331    clk_IBUF
    BUFGCTRL_X0Y16       BUFG (Prop_bufg_I_O)         0.091    13.422 r  clk_IBUF_BUFG_inst/O
                         net (fo=46, routed)          1.602    15.025    bd/clk_IBUF_BUFG
    SLICE_X6Y92          FDRE                                         r  bd/counter_reg[2]/C
                         clock pessimism              0.276    15.301    
                         clock uncertainty           -0.035    15.265    
    SLICE_X6Y92          FDRE (Setup_fdre_C_D)        0.118    15.383    bd/counter_reg[2]
  -------------------------------------------------------------------
                         required time                         15.383    
                         arrival time                          -8.910    
  -------------------------------------------------------------------
                         slack                                  6.473    

Slack (MET) :             6.571ns  (required time - arrival time)
  Source:                 bd/counter_reg[6]/C
                            (rising edge-triggered cell FDRE clocked by sys_clk_pin  {rise@0.000ns fall@5.000ns period=10.000ns})
  Destination:            bd/counter_reg[0]/D
                            (rising edge-triggered cell FDRE clocked by sys_clk_pin  {rise@0.000ns fall@5.000ns period=10.000ns})
  Path Group:             sys_clk_pin
  Path Type:              Setup (Max at Slow Process Corner)
  Requirement:            10.000ns  (sys_clk_pin rise@10.000ns - sys_clk_pin rise@0.000ns)
  Data Path Delay:        3.398ns  (logic 0.966ns (28.428%)  route 2.432ns (71.572%))
  Logic Levels:           3  (LUT3=1 LUT4=1 LUT5=1)
  Clock Path Skew:        -0.025ns (DCD - SCD + CPR)
    Destination Clock Delay (DCD):    5.025ns = ( 15.025 - 10.000 ) 
    Source Clock Delay      (SCD):    5.326ns
    Clock Pessimism Removal (CPR):    0.276ns
  Clock Uncertainty:      0.035ns  ((TSJ^2 + TIJ^2)^1/2 + DJ) / 2 + PE
    Total System Jitter     (TSJ):    0.071ns
    Total Input Jitter      (TIJ):    0.000ns
    Discrete Jitter          (DJ):    0.000ns
    Phase Error              (PE):    0.000ns

    Location             Delay type                Incr(ns)  Path(ns)    Netlist Resource(s)
  -------------------------------------------------------------------    -------------------
                         (clock sys_clk_pin rise edge)
                                                      0.000     0.000 r  
    E3                                                0.000     0.000 r  clk (IN)
                         net (fo=0)                   0.000     0.000    clk
    E3                   IBUF (Prop_ibuf_I_O)         1.482     1.482 r  clk_IBUF_inst/O
                         net (fo=1, routed)           2.025     3.506    clk_IBUF
    BUFGCTRL_X0Y16       BUFG (Prop_bufg_I_O)         0.096     3.602 r  clk_IBUF_BUFG_inst/O
                         net (fo=46, routed)          1.723     5.326    bd/clk_IBUF_BUFG
    SLICE_X5Y92          FDRE                                         r  bd/counter_reg[6]/C
  -------------------------------------------------------------------    -------------------
    SLICE_X5Y92          FDRE (Prop_fdre_C_Q)         0.419     5.745 r  bd/counter_reg[6]/Q
                         net (fo=5, routed)           1.016     6.761    bd/sel0[7]
    SLICE_X4Y93          LUT4 (Prop_lut4_I0_O)        0.299     7.060 r  bd/counter[9]_i_5/O
                         net (fo=1, routed)           0.811     7.871    bd/counter[9]_i_5_n_0
    SLICE_X4Y92          LUT5 (Prop_lut5_I3_O)        0.124     7.995 r  bd/counter[9]_i_4/O
                         net (fo=10, routed)          0.605     8.600    bd/counter[9]_i_4_n_0
    SLICE_X4Y91          LUT3 (Prop_lut3_I2_O)        0.124     8.724 r  bd/counter[0]_i_1/O
                         net (fo=1, routed)           0.000     8.724    bd/counter[0]
    SLICE_X4Y91          FDRE                                         r  bd/counter_reg[0]/D
  -------------------------------------------------------------------    -------------------

                         (clock sys_clk_pin rise edge)
                                                     10.000    10.000 r  
    E3                                                0.000    10.000 r  clk (IN)
                         net (fo=0)                   0.000    10.000    clk
    E3                   IBUF (Prop_ibuf_I_O)         1.411    11.411 r  clk_IBUF_inst/O
                         net (fo=1, routed)           1.920    13.331    clk_IBUF
    BUFGCTRL_X0Y16       BUFG (Prop_bufg_I_O)         0.091    13.422 r  clk_IBUF_BUFG_inst/O
                         net (fo=46, routed)          1.602    15.025    bd/clk_IBUF_BUFG
    SLICE_X4Y91          FDRE                                         r  bd/counter_reg[0]/C
                         clock pessimism              0.276    15.301    
                         clock uncertainty           -0.035    15.265    
    SLICE_X4Y91          FDRE (Setup_fdre_C_D)        0.029    15.294    bd/counter_reg[0]
  -------------------------------------------------------------------
                         required time                         15.294    
                         arrival time                          -8.724    
  -------------------------------------------------------------------
                         slack                                  6.571    

Slack (MET) :             6.623ns  (required time - arrival time)
  Source:                 bd/counter_reg[6]/C
                            (rising edge-triggered cell FDRE clocked by sys_clk_pin  {rise@0.000ns fall@5.000ns period=10.000ns})
  Destination:            bd/counter_reg[4]/D
                            (rising edge-triggered cell FDRE clocked by sys_clk_pin  {rise@0.000ns fall@5.000ns period=10.000ns})
  Path Group:             sys_clk_pin
  Path Type:              Setup (Max at Slow Process Corner)
  Requirement:            10.000ns  (sys_clk_pin rise@10.000ns - sys_clk_pin rise@0.000ns)
  Data Path Delay:        3.392ns  (logic 0.960ns (28.302%)  route 2.432ns (71.698%))
  Logic Levels:           3  (LUT4=2 LUT5=1)
  Clock Path Skew:        -0.025ns (DCD - SCD + CPR)
    Destination Clock Delay (DCD):    5.025ns = ( 15.025 - 10.000 ) 
    Source Clock Delay      (SCD):    5.326ns
    Clock Pessimism Removal (CPR):    0.276ns
  Clock Uncertainty:      0.035ns  ((TSJ^2 + TIJ^2)^1/2 + DJ) / 2 + PE
    Total System Jitter     (TSJ):    0.071ns
    Total Input Jitter      (TIJ):    0.000ns
    Discrete Jitter          (DJ):    0.000ns
    Phase Error              (PE):    0.000ns

    Location             Delay type                Incr(ns)  Path(ns)    Netlist Resource(s)
  -------------------------------------------------------------------    -------------------
                         (clock sys_clk_pin rise edge)
                                                      0.000     0.000 r  
    E3                                                0.000     0.000 r  clk (IN)
                         net (fo=0)                   0.000     0.000    clk
    E3                   IBUF (Prop_ibuf_I_O)         1.482     1.482 r  clk_IBUF_inst/O
                         net (fo=1, routed)           2.025     3.506    clk_IBUF
    BUFGCTRL_X0Y16       BUFG (Prop_bufg_I_O)         0.096     3.602 r  clk_IBUF_BUFG_inst/O
                         net (fo=46, routed)          1.723     5.326    bd/clk_IBUF_BUFG
    SLICE_X5Y92          FDRE                                         r  bd/counter_reg[6]/C
  -------------------------------------------------------------------    -------------------
    SLICE_X5Y92          FDRE (Prop_fdre_C_Q)         0.419     5.745 r  bd/counter_reg[6]/Q
                         net (fo=5, routed)           1.016     6.761    bd/sel0[7]
    SLICE_X4Y93          LUT4 (Prop_lut4_I0_O)        0.299     7.060 r  bd/counter[9]_i_5/O
                         net (fo=1, routed)           0.811     7.871    bd/counter[9]_i_5_n_0
    SLICE_X4Y92          LUT5 (Prop_lut5_I3_O)        0.124     7.995 r  bd/counter[9]_i_4/O
                         net (fo=10, routed)          0.605     8.600    bd/counter[9]_i_4_n_0
    SLICE_X4Y91          LUT4 (Prop_lut4_I3_O)        0.118     8.718 r  bd/counter[4]_i_1/O
                         net (fo=1, routed)           0.000     8.718    bd/counter[4]
    SLICE_X4Y91          FDRE                                         r  bd/counter_reg[4]/D
  -------------------------------------------------------------------    -------------------

                         (clock sys_clk_pin rise edge)
                                                     10.000    10.000 r  
    E3                                                0.000    10.000 r  clk (IN)
                         net (fo=0)                   0.000    10.000    clk
    E3                   IBUF (Prop_ibuf_I_O)         1.411    11.411 r  clk_IBUF_inst/O
                         net (fo=1, routed)           1.920    13.331    clk_IBUF
    BUFGCTRL_X0Y16       BUFG (Prop_bufg_I_O)         0.091    13.422 r  clk_IBUF_BUFG_inst/O
                         net (fo=46, routed)          1.602    15.025    bd/clk_IBUF_BUFG
    SLICE_X4Y91          FDRE                                         r  bd/counter_reg[4]/C
                         clock pessimism              0.276    15.301    
                         clock uncertainty           -0.035    15.265    
    SLICE_X4Y91          FDRE (Setup_fdre_C_D)        0.075    15.340    bd/counter_reg[4]
  -------------------------------------------------------------------
                         required time                         15.340    
                         arrival time                          -8.718    
  -------------------------------------------------------------------
                         slack                                  6.623    





Min Delay Paths
--------------------------------------------------------------------------------------
Slack (MET) :             0.149ns  (arrival time - required time)
  Source:                 uut/dataOut_reg[3]/C
                            (rising edge-triggered cell FDRE clocked by sys_clk_pin  {rise@0.000ns fall@5.000ns period=10.000ns})
  Destination:            fifo/writeOut_reg[3]/D
                            (rising edge-triggered cell FDRE clocked by sys_clk_pin  {rise@0.000ns fall@5.000ns period=10.000ns})
  Path Group:             sys_clk_pin
  Path Type:              Hold (Min at Fast Process Corner)
  Requirement:            0.000ns  (sys_clk_pin rise@0.000ns - sys_clk_pin rise@0.000ns)
  Data Path Delay:        0.257ns  (logic 0.141ns (54.897%)  route 0.116ns (45.103%))
  Logic Levels:           0  
  Clock Path Skew:        0.036ns (DCD - SCD - CPR)
    Destination Clock Delay (DCD):    2.039ns
    Source Clock Delay      (SCD):    1.523ns
    Clock Pessimism Removal (CPR):    0.479ns

    Location             Delay type                Incr(ns)  Path(ns)    Netlist Resource(s)
  -------------------------------------------------------------------    -------------------
                         (clock sys_clk_pin rise edge)
                                                      0.000     0.000 r  
    E3                                                0.000     0.000 r  clk (IN)
                         net (fo=0)                   0.000     0.000    clk
    E3                   IBUF (Prop_ibuf_I_O)         0.250     0.250 r  clk_IBUF_inst/O
                         net (fo=1, routed)           0.644     0.894    clk_IBUF
    BUFGCTRL_X0Y16       BUFG (Prop_bufg_I_O)         0.026     0.920 r  clk_IBUF_BUFG_inst/O
                         net (fo=46, routed)          0.604     1.523    uut/clk_IBUF_BUFG
    SLICE_X3Y94          FDRE                                         r  uut/dataOut_reg[3]/C
  -------------------------------------------------------------------    -------------------
    SLICE_X3Y94          FDRE (Prop_fdre_C_Q)         0.141     1.664 r  uut/dataOut_reg[3]/Q
                         net (fo=1, routed)           0.116     1.780    fifo/writeOut_reg[6]_0[3]
    SLICE_X4Y93          FDRE                                         r  fifo/writeOut_reg[3]/D
  -------------------------------------------------------------------    -------------------

                         (clock sys_clk_pin rise edge)
                                                      0.000     0.000 r  
    E3                                                0.000     0.000 r  clk (IN)
                         net (fo=0)                   0.000     0.000    clk
    E3                   IBUF (Prop_ibuf_I_O)         0.438     0.438 r  clk_IBUF_inst/O
                         net (fo=1, routed)           0.699     1.136    clk_IBUF
    BUFGCTRL_X0Y16       BUFG (Prop_bufg_I_O)         0.029     1.165 r  clk_IBUF_BUFG_inst/O
                         net (fo=46, routed)          0.874     2.039    fifo/clk_IBUF_BUFG
    SLICE_X4Y93          FDRE                                         r  fifo/writeOut_reg[3]/C
                         clock pessimism             -0.479     1.559    
    SLICE_X4Y93          FDRE (Hold_fdre_C_D)         0.072     1.631    fifo/writeOut_reg[3]
  -------------------------------------------------------------------
                         required time                         -1.631    
                         arrival time                           1.780    
  -------------------------------------------------------------------
                         slack                                  0.149    

Slack (MET) :             0.166ns  (arrival time - required time)
  Source:                 uut/dataOut_reg[5]/C
                            (rising edge-triggered cell FDRE clocked by sys_clk_pin  {rise@0.000ns fall@5.000ns period=10.000ns})
  Destination:            fifo/writeOut_reg[5]/D
                            (rising edge-triggered cell FDRE clocked by sys_clk_pin  {rise@0.000ns fall@5.000ns period=10.000ns})
  Path Group:             sys_clk_pin
  Path Type:              Hold (Min at Fast Process Corner)
  Requirement:            0.000ns  (sys_clk_pin rise@0.000ns - sys_clk_pin rise@0.000ns)
  Data Path Delay:        0.253ns  (logic 0.141ns (55.769%)  route 0.112ns (44.231%))
  Logic Levels:           0  
  Clock Path Skew:        0.016ns (DCD - SCD - CPR)
    Destination Clock Delay (DCD):    2.039ns
    Source Clock Delay      (SCD):    1.522ns
    Clock Pessimism Removal (CPR):    0.500ns

    Location             Delay type                Incr(ns)  Path(ns)    Netlist Resource(s)
  -------------------------------------------------------------------    -------------------
                         (clock sys_clk_pin rise edge)
                                                      0.000     0.000 r  
    E3                                                0.000     0.000 r  clk (IN)
                         net (fo=0)                   0.000     0.000    clk
    E3                   IBUF (Prop_ibuf_I_O)         0.250     0.250 r  clk_IBUF_inst/O
                         net (fo=1, routed)           0.644     0.894    clk_IBUF
    BUFGCTRL_X0Y16       BUFG (Prop_bufg_I_O)         0.026     0.920 r  clk_IBUF_BUFG_inst/O
                         net (fo=46, routed)          0.603     1.522    uut/clk_IBUF_BUFG
    SLICE_X4Y94          FDRE                                         r  uut/dataOut_reg[5]/C
  -------------------------------------------------------------------    -------------------
    SLICE_X4Y94          FDRE (Prop_fdre_C_Q)         0.141     1.663 r  uut/dataOut_reg[5]/Q
                         net (fo=1, routed)           0.112     1.775    fifo/writeOut_reg[6]_0[5]
    SLICE_X4Y93          FDRE                                         r  fifo/writeOut_reg[5]/D
  -------------------------------------------------------------------    -------------------

                         (clock sys_clk_pin rise edge)
                                                      0.000     0.000 r  
    E3                                                0.000     0.000 r  clk (IN)
                         net (fo=0)                   0.000     0.000    clk
    E3                   IBUF (Prop_ibuf_I_O)         0.438     0.438 r  clk_IBUF_inst/O
                         net (fo=1, routed)           0.699     1.136    clk_IBUF
    BUFGCTRL_X0Y16       BUFG (Prop_bufg_I_O)         0.029     1.165 r  clk_IBUF_BUFG_inst/O
                         net (fo=46, routed)          0.874     2.039    fifo/clk_IBUF_BUFG
    SLICE_X4Y93          FDRE                                         r  fifo/writeOut_reg[5]/C
                         clock pessimism             -0.500     1.538    
    SLICE_X4Y93          FDRE (Hold_fdre_C_D)         0.071     1.609    fifo/writeOut_reg[5]
  -------------------------------------------------------------------
                         required time                         -1.609    
                         arrival time                           1.775    
  -------------------------------------------------------------------
                         slack                                  0.166    

Slack (MET) :             0.203ns  (arrival time - required time)
  Source:                 fifo/stateNext_reg/C
                            (rising edge-triggered cell FDRE clocked by sys_clk_pin  {rise@0.000ns fall@5.000ns period=10.000ns})
  Destination:            fifo/state_reg/D
                            (rising edge-triggered cell FDRE clocked by sys_clk_pin  {rise@0.000ns fall@5.000ns period=10.000ns})
  Path Group:             sys_clk_pin
  Path Type:              Hold (Min at Fast Process Corner)
  Requirement:            0.000ns  (sys_clk_pin rise@0.000ns - sys_clk_pin rise@0.000ns)
  Data Path Delay:        0.269ns  (logic 0.141ns (52.485%)  route 0.128ns (47.515%))
  Logic Levels:           0  
  Clock Path Skew:        0.000ns (DCD - SCD - CPR)
    Destination Clock Delay (DCD):    2.042ns
    Source Clock Delay      (SCD):    1.523ns
    Clock Pessimism Removal (CPR):    0.518ns

    Location             Delay type                Incr(ns)  Path(ns)    Netlist Resource(s)
  -------------------------------------------------------------------    -------------------
                         (clock sys_clk_pin rise edge)
                                                      0.000     0.000 r  
    E3                                                0.000     0.000 r  clk (IN)
                         net (fo=0)                   0.000     0.000    clk
    E3                   IBUF (Prop_ibuf_I_O)         0.250     0.250 r  clk_IBUF_inst/O
                         net (fo=1, routed)           0.644     0.894    clk_IBUF
    BUFGCTRL_X0Y16       BUFG (Prop_bufg_I_O)         0.026     0.920 r  clk_IBUF_BUFG_inst/O
                         net (fo=46, routed)          0.604     1.523    fifo/clk_IBUF_BUFG
    SLICE_X3Y93          FDRE                                         r  fifo/stateNext_reg/C
  -------------------------------------------------------------------    -------------------
    SLICE_X3Y93          FDRE (Prop_fdre_C_Q)         0.141     1.664 r  fifo/stateNext_reg/Q
                         net (fo=2, routed)           0.128     1.792    fifo/stateNext_reg_n_0
    SLICE_X3Y93          FDRE                                         r  fifo/state_reg/D
  -------------------------------------------------------------------    -------------------

                         (clock sys_clk_pin rise edge)
                                                      0.000     0.000 r  
    E3                                                0.000     0.000 r  clk (IN)
                         net (fo=0)                   0.000     0.000    clk
    E3                   IBUF (Prop_ibuf_I_O)         0.438     0.438 r  clk_IBUF_inst/O
                         net (fo=1, routed)           0.699     1.136    clk_IBUF
    BUFGCTRL_X0Y16       BUFG (Prop_bufg_I_O)         0.029     1.165 r  clk_IBUF_BUFG_inst/O
                         net (fo=46, routed)          0.877     2.042    fifo/clk_IBUF_BUFG
    SLICE_X3Y93          FDRE                                         r  fifo/state_reg/C
                         clock pessimism             -0.518     1.523    
    SLICE_X3Y93          FDRE (Hold_fdre_C_D)         0.066     1.589    fifo/state_reg
  -------------------------------------------------------------------
                         required time                         -1.589    
                         arrival time                           1.792    
  -------------------------------------------------------------------
                         slack                                  0.203    

Slack (MET) :             0.234ns  (arrival time - required time)
  Source:                 bd/counter_reg[6]/C
                            (rising edge-triggered cell FDRE clocked by sys_clk_pin  {rise@0.000ns fall@5.000ns period=10.000ns})
  Destination:            bd/counter_reg[7]/D
                            (rising edge-triggered cell FDRE clocked by sys_clk_pin  {rise@0.000ns fall@5.000ns period=10.000ns})
  Path Group:             sys_clk_pin
  Path Type:              Hold (Min at Fast Process Corner)
  Requirement:            0.000ns  (sys_clk_pin rise@0.000ns - sys_clk_pin rise@0.000ns)
  Data Path Delay:        0.326ns  (logic 0.227ns (69.605%)  route 0.099ns (30.395%))
  Logic Levels:           1  (LUT6=1)
  Clock Path Skew:        0.000ns (DCD - SCD - CPR)
    Destination Clock Delay (DCD):    2.038ns
    Source Clock Delay      (SCD):    1.521ns
    Clock Pessimism Removal (CPR):    0.516ns

    Location             Delay type                Incr(ns)  Path(ns)    Netlist Resource(s)
  -------------------------------------------------------------------    -------------------
                         (clock sys_clk_pin rise edge)
                                                      0.000     0.000 r  
    E3                                                0.000     0.000 r  clk (IN)
                         net (fo=0)                   0.000     0.000    clk
    E3                   IBUF (Prop_ibuf_I_O)         0.250     0.250 r  clk_IBUF_inst/O
                         net (fo=1, routed)           0.644     0.894    clk_IBUF
    BUFGCTRL_X0Y16       BUFG (Prop_bufg_I_O)         0.026     0.920 r  clk_IBUF_BUFG_inst/O
                         net (fo=46, routed)          0.602     1.521    bd/clk_IBUF_BUFG
    SLICE_X5Y92          FDRE                                         r  bd/counter_reg[6]/C
  -------------------------------------------------------------------    -------------------
    SLICE_X5Y92          FDRE (Prop_fdre_C_Q)         0.128     1.649 r  bd/counter_reg[6]/Q
                         net (fo=5, routed)           0.099     1.748    bd/sel0[7]
    SLICE_X5Y92          LUT6 (Prop_lut6_I3_O)        0.099     1.847 r  bd/counter[7]_i_1/O
                         net (fo=1, routed)           0.000     1.847    bd/counter[7]
    SLICE_X5Y92          FDRE                                         r  bd/counter_reg[7]/D
  -------------------------------------------------------------------    -------------------

                         (clock sys_clk_pin rise edge)
                                                      0.000     0.000 r  
    E3                                                0.000     0.000 r  clk (IN)
                         net (fo=0)                   0.000     0.000    clk
    E3                   IBUF (Prop_ibuf_I_O)         0.438     0.438 r  clk_IBUF_inst/O
                         net (fo=1, routed)           0.699     1.136    clk_IBUF
    BUFGCTRL_X0Y16       BUFG (Prop_bufg_I_O)         0.029     1.165 r  clk_IBUF_BUFG_inst/O
                         net (fo=46, routed)          0.873     2.038    bd/clk_IBUF_BUFG
    SLICE_X5Y92          FDRE                                         r  bd/counter_reg[7]/C
                         clock pessimism             -0.516     1.521    
    SLICE_X5Y92          FDRE (Hold_fdre_C_D)         0.092     1.613    bd/counter_reg[7]
  -------------------------------------------------------------------
                         required time                         -1.613    
                         arrival time                           1.847    
  -------------------------------------------------------------------
                         slack                                  0.234    

Slack (MET) :             0.241ns  (arrival time - required time)
  Source:                 uut/dataOut_reg[6]/C
                            (rising edge-triggered cell FDRE clocked by sys_clk_pin  {rise@0.000ns fall@5.000ns period=10.000ns})
  Destination:            fifo/writeOut_reg[6]/D
                            (rising edge-triggered cell FDRE clocked by sys_clk_pin  {rise@0.000ns fall@5.000ns period=10.000ns})
  Path Group:             sys_clk_pin
  Path Type:              Hold (Min at Fast Process Corner)
  Requirement:            0.000ns  (sys_clk_pin rise@0.000ns - sys_clk_pin rise@0.000ns)
  Data Path Delay:        0.280ns  (logic 0.128ns (45.638%)  route 0.152ns (54.362%))
  Logic Levels:           0  
  Clock Path Skew:        0.016ns (DCD - SCD - CPR)
    Destination Clock Delay (DCD):    2.039ns
    Source Clock Delay      (SCD):    1.522ns
    Clock Pessimism Removal (CPR):    0.500ns

    Location             Delay type                Incr(ns)  Path(ns)    Netlist Resource(s)
  -------------------------------------------------------------------    -------------------
                         (clock sys_clk_pin rise edge)
                                                      0.000     0.000 r  
    E3                                                0.000     0.000 r  clk (IN)
                         net (fo=0)                   0.000     0.000    clk
    E3                   IBUF (Prop_ibuf_I_O)         0.250     0.250 r  clk_IBUF_inst/O
                         net (fo=1, routed)           0.644     0.894    clk_IBUF
    BUFGCTRL_X0Y16       BUFG (Prop_bufg_I_O)         0.026     0.920 r  clk_IBUF_BUFG_inst/O
                         net (fo=46, routed)          0.603     1.522    uut/clk_IBUF_BUFG
    SLICE_X4Y94          FDRE                                         r  uut/dataOut_reg[6]/C
  -------------------------------------------------------------------    -------------------
    SLICE_X4Y94          FDRE (Prop_fdre_C_Q)         0.128     1.650 r  uut/dataOut_reg[6]/Q
                         net (fo=1, routed)           0.152     1.803    fifo/writeOut_reg[6]_0[6]
    SLICE_X4Y93          FDRE                                         r  fifo/writeOut_reg[6]/D
  -------------------------------------------------------------------    -------------------

                         (clock sys_clk_pin rise edge)
                                                      0.000     0.000 r  
    E3                                                0.000     0.000 r  clk (IN)
                         net (fo=0)                   0.000     0.000    clk
    E3                   IBUF (Prop_ibuf_I_O)         0.438     0.438 r  clk_IBUF_inst/O
                         net (fo=1, routed)           0.699     1.136    clk_IBUF
    BUFGCTRL_X0Y16       BUFG (Prop_bufg_I_O)         0.029     1.165 r  clk_IBUF_BUFG_inst/O
                         net (fo=46, routed)          0.874     2.039    fifo/clk_IBUF_BUFG
    SLICE_X4Y93          FDRE                                         r  fifo/writeOut_reg[6]/C
                         clock pessimism             -0.500     1.538    
    SLICE_X4Y93          FDRE (Hold_fdre_C_D)         0.023     1.561    fifo/writeOut_reg[6]
  -------------------------------------------------------------------
                         required time                         -1.561    
                         arrival time                           1.803    
  -------------------------------------------------------------------
                         slack                                  0.241    

Slack (MET) :             0.258ns  (arrival time - required time)
  Source:                 uut/statePrev_reg[1]/C
                            (rising edge-triggered cell FDRE clocked by sys_clk_pin  {rise@0.000ns fall@5.000ns period=10.000ns})
  Destination:            uut/stateNext_reg[1]/D
                            (rising edge-triggered cell FDRE clocked by sys_clk_pin  {rise@0.000ns fall@5.000ns period=10.000ns})
  Path Group:             sys_clk_pin
  Path Type:              Hold (Min at Fast Process Corner)
  Requirement:            0.000ns  (sys_clk_pin rise@0.000ns - sys_clk_pin rise@0.000ns)
  Data Path Delay:        0.366ns  (logic 0.226ns (61.762%)  route 0.140ns (38.238%))
  Logic Levels:           1  (LUT6=1)
  Clock Path Skew:        0.016ns (DCD - SCD - CPR)
    Destination Clock Delay (DCD):    2.042ns
    Source Clock Delay      (SCD):    1.523ns
    Clock Pessimism Removal (CPR):    0.502ns

    Location             Delay type                Incr(ns)  Path(ns)    Netlist Resource(s)
  -------------------------------------------------------------------    -------------------
                         (clock sys_clk_pin rise edge)
                                                      0.000     0.000 r  
    E3                                                0.000     0.000 r  clk (IN)
                         net (fo=0)                   0.000     0.000    clk
    E3                   IBUF (Prop_ibuf_I_O)         0.250     0.250 r  clk_IBUF_inst/O
                         net (fo=1, routed)           0.644     0.894    clk_IBUF
    BUFGCTRL_X0Y16       BUFG (Prop_bufg_I_O)         0.026     0.920 r  clk_IBUF_BUFG_inst/O
                         net (fo=46, routed)          0.604     1.523    uut/clk_IBUF_BUFG
    SLICE_X3Y94          FDRE                                         r  uut/statePrev_reg[1]/C
  -------------------------------------------------------------------    -------------------
    SLICE_X3Y94          FDRE (Prop_fdre_C_Q)         0.128     1.651 r  uut/statePrev_reg[1]/Q
                         net (fo=1, routed)           0.140     1.791    uut/statePrev[1]
    SLICE_X3Y93          LUT6 (Prop_lut6_I3_O)        0.098     1.889 r  uut/stateNext[1]_i_1/O
                         net (fo=1, routed)           0.000     1.889    uut/stateNext[1]_i_1_n_0
    SLICE_X3Y93          FDRE                                         r  uut/stateNext_reg[1]/D
  -------------------------------------------------------------------    -------------------

                         (clock sys_clk_pin rise edge)
                                                      0.000     0.000 r  
    E3                                                0.000     0.000 r  clk (IN)
                         net (fo=0)                   0.000     0.000    clk
    E3                   IBUF (Prop_ibuf_I_O)         0.438     0.438 r  clk_IBUF_inst/O
                         net (fo=1, routed)           0.699     1.136    clk_IBUF
    BUFGCTRL_X0Y16       BUFG (Prop_bufg_I_O)         0.029     1.165 r  clk_IBUF_BUFG_inst/O
                         net (fo=46, routed)          0.877     2.042    uut/clk_IBUF_BUFG
    SLICE_X3Y93          FDRE                                         r  uut/stateNext_reg[1]/C
                         clock pessimism             -0.502     1.539    
    SLICE_X3Y93          FDRE (Hold_fdre_C_D)         0.092     1.631    uut/stateNext_reg[1]
  -------------------------------------------------------------------
                         required time                         -1.631    
                         arrival time                           1.889    
  -------------------------------------------------------------------
                         slack                                  0.258    

Slack (MET) :             0.263ns  (arrival time - required time)
  Source:                 uut/blipCounter_reg[5]/C
                            (rising edge-triggered cell FDRE clocked by sys_clk_pin  {rise@0.000ns fall@5.000ns period=10.000ns})
  Destination:            uut/blipCounter_reg[5]/D
                            (rising edge-triggered cell FDRE clocked by sys_clk_pin  {rise@0.000ns fall@5.000ns period=10.000ns})
  Path Group:             sys_clk_pin
  Path Type:              Hold (Min at Fast Process Corner)
  Requirement:            0.000ns  (sys_clk_pin rise@0.000ns - sys_clk_pin rise@0.000ns)
  Data Path Delay:        0.354ns  (logic 0.186ns (52.498%)  route 0.168ns (47.502%))
  Logic Levels:           1  (LUT6=1)
  Clock Path Skew:        0.000ns (DCD - SCD - CPR)
    Destination Clock Delay (DCD):    2.042ns
    Source Clock Delay      (SCD):    1.523ns
    Clock Pessimism Removal (CPR):    0.518ns

    Location             Delay type                Incr(ns)  Path(ns)    Netlist Resource(s)
  -------------------------------------------------------------------    -------------------
                         (clock sys_clk_pin rise edge)
                                                      0.000     0.000 r  
    E3                                                0.000     0.000 r  clk (IN)
                         net (fo=0)                   0.000     0.000    clk
    E3                   IBUF (Prop_ibuf_I_O)         0.250     0.250 r  clk_IBUF_inst/O
                         net (fo=1, routed)           0.644     0.894    clk_IBUF
    BUFGCTRL_X0Y16       BUFG (Prop_bufg_I_O)         0.026     0.920 r  clk_IBUF_BUFG_inst/O
                         net (fo=46, routed)          0.604     1.523    uut/clk_IBUF_BUFG
    SLICE_X1Y93          FDRE                                         r  uut/blipCounter_reg[5]/C
  -------------------------------------------------------------------    -------------------
    SLICE_X1Y93          FDRE (Prop_fdre_C_Q)         0.141     1.664 r  uut/blipCounter_reg[5]/Q
                         net (fo=4, routed)           0.168     1.833    uut/blipCounter[5]
    SLICE_X1Y93          LUT6 (Prop_lut6_I5_O)        0.045     1.878 r  uut/blipCounter[5]_i_1/O
                         net (fo=1, routed)           0.000     1.878    uut/blipCounter[5]_i_1_n_0
    SLICE_X1Y93          FDRE                                         r  uut/blipCounter_reg[5]/D
  -------------------------------------------------------------------    -------------------

                         (clock sys_clk_pin rise edge)
                                                      0.000     0.000 r  
    E3                                                0.000     0.000 r  clk (IN)
                         net (fo=0)                   0.000     0.000    clk
    E3                   IBUF (Prop_ibuf_I_O)         0.438     0.438 r  clk_IBUF_inst/O
                         net (fo=1, routed)           0.699     1.136    clk_IBUF
    BUFGCTRL_X0Y16       BUFG (Prop_bufg_I_O)         0.029     1.165 r  clk_IBUF_BUFG_inst/O
                         net (fo=46, routed)          0.877     2.042    uut/clk_IBUF_BUFG
    SLICE_X1Y93          FDRE                                         r  uut/blipCounter_reg[5]/C
                         clock pessimism             -0.518     1.523    
    SLICE_X1Y93          FDRE (Hold_fdre_C_D)         0.091     1.614    uut/blipCounter_reg[5]
  -------------------------------------------------------------------
                         required time                         -1.614    
                         arrival time                           1.878    
  -------------------------------------------------------------------
                         slack                                  0.263    

Slack (MET) :             0.265ns  (arrival time - required time)
  Source:                 uut/sendCommandCounter_reg[0]/C
                            (rising edge-triggered cell FDRE clocked by sys_clk_pin  {rise@0.000ns fall@5.000ns period=10.000ns})
  Destination:            uut/dataOut_reg[2]/D
                            (rising edge-triggered cell FDRE clocked by sys_clk_pin  {rise@0.000ns fall@5.000ns period=10.000ns})
  Path Group:             sys_clk_pin
  Path Type:              Hold (Min at Fast Process Corner)
  Requirement:            0.000ns  (sys_clk_pin rise@0.000ns - sys_clk_pin rise@0.000ns)
  Data Path Delay:        0.393ns  (logic 0.209ns (53.114%)  route 0.184ns (46.886%))
  Logic Levels:           1  (LUT3=1)
  Clock Path Skew:        0.036ns (DCD - SCD - CPR)
    Destination Clock Delay (DCD):    2.039ns
    Source Clock Delay      (SCD):    1.523ns
    Clock Pessimism Removal (CPR):    0.479ns

    Location             Delay type                Incr(ns)  Path(ns)    Netlist Resource(s)
  -------------------------------------------------------------------    -------------------
                         (clock sys_clk_pin rise edge)
                                                      0.000     0.000 r  
    E3                                                0.000     0.000 r  clk (IN)
                         net (fo=0)                   0.000     0.000    clk
    E3                   IBUF (Prop_ibuf_I_O)         0.250     0.250 r  clk_IBUF_inst/O
                         net (fo=1, routed)           0.644     0.894    clk_IBUF
    BUFGCTRL_X0Y16       BUFG (Prop_bufg_I_O)         0.026     0.920 r  clk_IBUF_BUFG_inst/O
                         net (fo=46, routed)          0.604     1.523    uut/clk_IBUF_BUFG
    SLICE_X2Y94          FDRE                                         r  uut/sendCommandCounter_reg[0]/C
  -------------------------------------------------------------------    -------------------
    SLICE_X2Y94          FDRE (Prop_fdre_C_Q)         0.164     1.687 r  uut/sendCommandCounter_reg[0]/Q
                         net (fo=12, routed)          0.184     1.872    uut/sendCommandCounter[0]
    SLICE_X4Y94          LUT3 (Prop_lut3_I0_O)        0.045     1.917 r  uut/dataOut[2]_i_1/O
                         net (fo=1, routed)           0.000     1.917    uut/p_1_in[2]
    SLICE_X4Y94          FDRE                                         r  uut/dataOut_reg[2]/D
  -------------------------------------------------------------------    -------------------

                         (clock sys_clk_pin rise edge)
                                                      0.000     0.000 r  
    E3                                                0.000     0.000 r  clk (IN)
                         net (fo=0)                   0.000     0.000    clk
    E3                   IBUF (Prop_ibuf_I_O)         0.438     0.438 r  clk_IBUF_inst/O
                         net (fo=1, routed)           0.699     1.136    clk_IBUF
    BUFGCTRL_X0Y16       BUFG (Prop_bufg_I_O)         0.029     1.165 r  clk_IBUF_BUFG_inst/O
                         net (fo=46, routed)          0.874     2.039    uut/clk_IBUF_BUFG
    SLICE_X4Y94          FDRE                                         r  uut/dataOut_reg[2]/C
                         clock pessimism             -0.479     1.559    
    SLICE_X4Y94          FDRE (Hold_fdre_C_D)         0.092     1.651    uut/dataOut_reg[2]
  -------------------------------------------------------------------
                         required time                         -1.651    
                         arrival time                           1.917    
  -------------------------------------------------------------------
                         slack                                  0.265    

Slack (MET) :             0.269ns  (arrival time - required time)
  Source:                 uut/stateNext_reg[1]/C
                            (rising edge-triggered cell FDRE clocked by sys_clk_pin  {rise@0.000ns fall@5.000ns period=10.000ns})
  Destination:            uut/statePrev_reg[1]/D
                            (rising edge-triggered cell FDRE clocked by sys_clk_pin  {rise@0.000ns fall@5.000ns period=10.000ns})
  Path Group:             sys_clk_pin
  Path Type:              Hold (Min at Fast Process Corner)
  Requirement:            0.000ns  (sys_clk_pin rise@0.000ns - sys_clk_pin rise@0.000ns)
  Data Path Delay:        0.356ns  (logic 0.141ns (39.633%)  route 0.215ns (60.367%))
  Logic Levels:           0  
  Clock Path Skew:        0.016ns (DCD - SCD - CPR)
    Destination Clock Delay (DCD):    2.042ns
    Source Clock Delay      (SCD):    1.523ns
    Clock Pessimism Removal (CPR):    0.502ns

    Location             Delay type                Incr(ns)  Path(ns)    Netlist Resource(s)
  -------------------------------------------------------------------    -------------------
                         (clock sys_clk_pin rise edge)
                                                      0.000     0.000 r  
    E3                                                0.000     0.000 r  clk (IN)
                         net (fo=0)                   0.000     0.000    clk
    E3                   IBUF (Prop_ibuf_I_O)         0.250     0.250 r  clk_IBUF_inst/O
                         net (fo=1, routed)           0.644     0.894    clk_IBUF
    BUFGCTRL_X0Y16       BUFG (Prop_bufg_I_O)         0.026     0.920 r  clk_IBUF_BUFG_inst/O
                         net (fo=46, routed)          0.604     1.523    uut/clk_IBUF_BUFG
    SLICE_X3Y93          FDRE                                         r  uut/stateNext_reg[1]/C
  -------------------------------------------------------------------    -------------------
    SLICE_X3Y93          FDRE (Prop_fdre_C_Q)         0.141     1.664 r  uut/stateNext_reg[1]/Q
                         net (fo=14, routed)          0.215     1.879    uut/stateNext_reg_n_0_[1]
    SLICE_X3Y94          FDRE                                         r  uut/statePrev_reg[1]/D
  -------------------------------------------------------------------    -------------------

                         (clock sys_clk_pin rise edge)
                                                      0.000     0.000 r  
    E3                                                0.000     0.000 r  clk (IN)
                         net (fo=0)                   0.000     0.000    clk
    E3                   IBUF (Prop_ibuf_I_O)         0.438     0.438 r  clk_IBUF_inst/O
                         net (fo=1, routed)           0.699     1.136    clk_IBUF
    BUFGCTRL_X0Y16       BUFG (Prop_bufg_I_O)         0.029     1.165 r  clk_IBUF_BUFG_inst/O
                         net (fo=46, routed)          0.877     2.042    uut/clk_IBUF_BUFG
    SLICE_X3Y94          FDRE                                         r  uut/statePrev_reg[1]/C
                         clock pessimism             -0.502     1.539    
    SLICE_X3Y94          FDRE (Hold_fdre_C_D)         0.071     1.610    uut/statePrev_reg[1]
  -------------------------------------------------------------------
                         required time                         -1.610    
                         arrival time                           1.879    
  -------------------------------------------------------------------
                         slack                                  0.269    

Slack (MET) :             0.269ns  (arrival time - required time)
  Source:                 uut/dataOut_reg[4]/C
                            (rising edge-triggered cell FDRE clocked by sys_clk_pin  {rise@0.000ns fall@5.000ns period=10.000ns})
  Destination:            fifo/writeOut_reg[4]/D
                            (rising edge-triggered cell FDRE clocked by sys_clk_pin  {rise@0.000ns fall@5.000ns period=10.000ns})
  Path Group:             sys_clk_pin
  Path Type:              Hold (Min at Fast Process Corner)
  Requirement:            0.000ns  (sys_clk_pin rise@0.000ns - sys_clk_pin rise@0.000ns)
  Data Path Delay:        0.306ns  (logic 0.128ns (41.782%)  route 0.178ns (58.218%))
  Logic Levels:           0  
  Clock Path Skew:        0.016ns (DCD - SCD - CPR)
    Destination Clock Delay (DCD):    2.039ns
    Source Clock Delay      (SCD):    1.522ns
    Clock Pessimism Removal (CPR):    0.500ns

    Location             Delay type                Incr(ns)  Path(ns)    Netlist Resource(s)
  -------------------------------------------------------------------    -------------------
                         (clock sys_clk_pin rise edge)
                                                      0.000     0.000 r  
    E3                                                0.000     0.000 r  clk (IN)
                         net (fo=0)                   0.000     0.000    clk
    E3                   IBUF (Prop_ibuf_I_O)         0.250     0.250 r  clk_IBUF_inst/O
                         net (fo=1, routed)           0.644     0.894    clk_IBUF
    BUFGCTRL_X0Y16       BUFG (Prop_bufg_I_O)         0.026     0.920 r  clk_IBUF_BUFG_inst/O
                         net (fo=46, routed)          0.603     1.522    uut/clk_IBUF_BUFG
    SLICE_X4Y94          FDRE                                         r  uut/dataOut_reg[4]/C
  -------------------------------------------------------------------    -------------------
    SLICE_X4Y94          FDRE (Prop_fdre_C_Q)         0.128     1.650 r  uut/dataOut_reg[4]/Q
                         net (fo=1, routed)           0.178     1.829    fifo/writeOut_reg[6]_0[4]
    SLICE_X4Y93          FDRE                                         r  fifo/writeOut_reg[4]/D
  -------------------------------------------------------------------    -------------------

                         (clock sys_clk_pin rise edge)
                                                      0.000     0.000 r  
    E3                                                0.000     0.000 r  clk (IN)
                         net (fo=0)                   0.000     0.000    clk
    E3                   IBUF (Prop_ibuf_I_O)         0.438     0.438 r  clk_IBUF_inst/O
                         net (fo=1, routed)           0.699     1.136    clk_IBUF
    BUFGCTRL_X0Y16       BUFG (Prop_bufg_I_O)         0.029     1.165 r  clk_IBUF_BUFG_inst/O
                         net (fo=46, routed)          0.874     2.039    fifo/clk_IBUF_BUFG
    SLICE_X4Y93          FDRE                                         r  fifo/writeOut_reg[4]/C
                         clock pessimism             -0.500     1.538    
    SLICE_X4Y93          FDRE (Hold_fdre_C_D)         0.021     1.559    fifo/writeOut_reg[4]
  -------------------------------------------------------------------
                         required time                         -1.559    
                         arrival time                           1.829    
  -------------------------------------------------------------------
                         slack                                  0.269    





Pulse Width Checks
--------------------------------------------------------------------------------------
Clock Name:         sys_clk_pin
Waveform(ns):       { 0.000 5.000 }
Period(ns):         10.000
Sources:            { clk }

Check Type        Corner  Lib Pin  Reference Pin  Required(ns)  Actual(ns)  Slack(ns)  Location        Pin
Min Period        n/a     BUFG/I   n/a            2.155         10.000      7.845      BUFGCTRL_X0Y16  clk_IBUF_BUFG_inst/I
Min Period        n/a     FDRE/C   n/a            1.000         10.000      9.000      SLICE_X4Y91     bd/counter_reg[0]/C
Min Period        n/a     FDRE/C   n/a            1.000         10.000      9.000      SLICE_X6Y92     bd/counter_reg[1]/C
Min Period        n/a     FDRE/C   n/a            1.000         10.000      9.000      SLICE_X6Y92     bd/counter_reg[2]/C
Min Period        n/a     FDRE/C   n/a            1.000         10.000      9.000      SLICE_X5Y92     bd/counter_reg[3]/C
Min Period        n/a     FDRE/C   n/a            1.000         10.000      9.000      SLICE_X4Y91     bd/counter_reg[4]/C
Min Period        n/a     FDRE/C   n/a            1.000         10.000      9.000      SLICE_X5Y92     bd/counter_reg[5]/C
Min Period        n/a     FDRE/C   n/a            1.000         10.000      9.000      SLICE_X5Y92     bd/counter_reg[6]/C
Min Period        n/a     FDRE/C   n/a            1.000         10.000      9.000      SLICE_X5Y92     bd/counter_reg[7]/C
Min Period        n/a     FDRE/C   n/a            1.000         10.000      9.000      SLICE_X4Y91     bd/counter_reg[8]/C
Low Pulse Width   Slow    FDRE/C   n/a            0.500         5.000       4.500      SLICE_X4Y91     bd/counter_reg[0]/C
Low Pulse Width   Fast    FDRE/C   n/a            0.500         5.000       4.500      SLICE_X4Y91     bd/counter_reg[0]/C
Low Pulse Width   Slow    FDRE/C   n/a            0.500         5.000       4.500      SLICE_X6Y92     bd/counter_reg[1]/C
Low Pulse Width   Fast    FDRE/C   n/a            0.500         5.000       4.500      SLICE_X6Y92     bd/counter_reg[1]/C
Low Pulse Width   Slow    FDRE/C   n/a            0.500         5.000       4.500      SLICE_X6Y92     bd/counter_reg[2]/C
Low Pulse Width   Fast    FDRE/C   n/a            0.500         5.000       4.500      SLICE_X6Y92     bd/counter_reg[2]/C
Low Pulse Width   Slow    FDRE/C   n/a            0.500         5.000       4.500      SLICE_X5Y92     bd/counter_reg[3]/C
Low Pulse Width   Fast    FDRE/C   n/a            0.500         5.000       4.500      SLICE_X5Y92     bd/counter_reg[3]/C
Low Pulse Width   Slow    FDRE/C   n/a            0.500         5.000       4.500      SLICE_X4Y91     bd/counter_reg[4]/C
Low Pulse Width   Fast    FDRE/C   n/a            0.500         5.000       4.500      SLICE_X4Y91     bd/counter_reg[4]/C
High Pulse Width  Slow    FDRE/C   n/a            0.500         5.000       4.500      SLICE_X4Y91     bd/counter_reg[0]/C
High Pulse Width  Fast    FDRE/C   n/a            0.500         5.000       4.500      SLICE_X4Y91     bd/counter_reg[0]/C
High Pulse Width  Slow    FDRE/C   n/a            0.500         5.000       4.500      SLICE_X6Y92     bd/counter_reg[1]/C
High Pulse Width  Fast    FDRE/C   n/a            0.500         5.000       4.500      SLICE_X6Y92     bd/counter_reg[1]/C
High Pulse Width  Slow    FDRE/C   n/a            0.500         5.000       4.500      SLICE_X6Y92     bd/counter_reg[2]/C
High Pulse Width  Fast    FDRE/C   n/a            0.500         5.000       4.500      SLICE_X6Y92     bd/counter_reg[2]/C
High Pulse Width  Slow    FDRE/C   n/a            0.500         5.000       4.500      SLICE_X5Y92     bd/counter_reg[3]/C
High Pulse Width  Fast    FDRE/C   n/a            0.500         5.000       4.500      SLICE_X5Y92     bd/counter_reg[3]/C
High Pulse Width  Slow    FDRE/C   n/a            0.500         5.000       4.500      SLICE_X4Y91     bd/counter_reg[4]/C
High Pulse Width  Fast    FDRE/C   n/a            0.500         5.000       4.500      SLICE_X4Y91     bd/counter_reg[4]/C



--------------------------------------------------------------------------------------
Path Group:  (none)
From Clock:  
  To Clock:  

Max Delay            29 Endpoints
Min Delay            29 Endpoints
--------------------------------------------------------------------------------------


Max Delay Paths
--------------------------------------------------------------------------------------
Slack:                    inf
  Source:                 uartController/bitStream_reg/C
                            (rising edge-triggered cell FDSE)
  Destination:            bitStream
                            (output port)
  Path Group:             (none)
  Path Type:              Max at Slow Process Corner
  Data Path Delay:        6.181ns  (logic 4.083ns (66.056%)  route 2.098ns (33.944%))
  Logic Levels:           2  (FDSE=1 OBUF=1)

    Location             Delay type                Incr(ns)  Path(ns)    Netlist Resource(s)
  -------------------------------------------------------------------    -------------------
    SLICE_X2Y93          FDSE                         0.000     0.000 r  uartController/bitStream_reg/C
    SLICE_X2Y93          FDSE (Prop_fdse_C_Q)         0.518     0.518 r  uartController/bitStream_reg/Q
                         net (fo=1, routed)           2.098     2.616    bitStream_OBUF
    C17                  OBUF (Prop_obuf_I_O)         3.565     6.181 r  bitStream_OBUF_inst/O
                         net (fo=0)                   0.000     6.181    bitStream
    C17                                                               r  bitStream (OUT)
  -------------------------------------------------------------------    -------------------

Slack:                    inf
  Source:                 uartController/datCounter_reg[2]/C
                            (rising edge-triggered cell FDRE)
  Destination:            uartController/datCounter_reg[0]/CE
  Path Group:             (none)
  Path Type:              Max at Slow Process Corner
  Data Path Delay:        3.710ns  (logic 1.002ns (27.008%)  route 2.708ns (72.992%))
  Logic Levels:           3  (FDRE=1 LUT3=1 LUT5=1)

    Location             Delay type                Incr(ns)  Path(ns)    Netlist Resource(s)
  -------------------------------------------------------------------    -------------------
    SLICE_X2Y92          FDRE                         0.000     0.000 r  uartController/datCounter_reg[2]/C
    SLICE_X2Y92          FDRE (Prop_fdre_C_Q)         0.518     0.518 f  uartController/datCounter_reg[2]/Q
                         net (fo=6, routed)           1.076     1.594    uartController/datCounter_reg[2]
    SLICE_X2Y92          LUT3 (Prop_lut3_I1_O)        0.153     1.747 r  uartController/counter[2]_i_2/O
                         net (fo=5, routed)           1.032     2.779    uartController/counter[2]_i_2_n_0
    SLICE_X3Y92          LUT5 (Prop_lut5_I4_O)        0.331     3.110 r  uartController/datCounter[3]_i_1/O
                         net (fo=4, routed)           0.600     3.710    uartController/datCounter[3]_i_1_n_0
    SLICE_X2Y92          FDRE                                         r  uartController/datCounter_reg[0]/CE
  -------------------------------------------------------------------    -------------------

Slack:                    inf
  Source:                 uartController/datCounter_reg[2]/C
                            (rising edge-triggered cell FDRE)
  Destination:            uartController/datCounter_reg[1]/CE
  Path Group:             (none)
  Path Type:              Max at Slow Process Corner
  Data Path Delay:        3.710ns  (logic 1.002ns (27.008%)  route 2.708ns (72.992%))
  Logic Levels:           3  (FDRE=1 LUT3=1 LUT5=1)

    Location             Delay type                Incr(ns)  Path(ns)    Netlist Resource(s)
  -------------------------------------------------------------------    -------------------
    SLICE_X2Y92          FDRE                         0.000     0.000 r  uartController/datCounter_reg[2]/C
    SLICE_X2Y92          FDRE (Prop_fdre_C_Q)         0.518     0.518 f  uartController/datCounter_reg[2]/Q
                         net (fo=6, routed)           1.076     1.594    uartController/datCounter_reg[2]
    SLICE_X2Y92          LUT3 (Prop_lut3_I1_O)        0.153     1.747 r  uartController/counter[2]_i_2/O
                         net (fo=5, routed)           1.032     2.779    uartController/counter[2]_i_2_n_0
    SLICE_X3Y92          LUT5 (Prop_lut5_I4_O)        0.331     3.110 r  uartController/datCounter[3]_i_1/O
                         net (fo=4, routed)           0.600     3.710    uartController/datCounter[3]_i_1_n_0
    SLICE_X2Y92          FDRE                                         r  uartController/datCounter_reg[1]/CE
  -------------------------------------------------------------------    -------------------

Slack:                    inf
  Source:                 uartController/datCounter_reg[2]/C
                            (rising edge-triggered cell FDRE)
  Destination:            uartController/datCounter_reg[2]/CE
  Path Group:             (none)
  Path Type:              Max at Slow Process Corner
  Data Path Delay:        3.710ns  (logic 1.002ns (27.008%)  route 2.708ns (72.992%))
  Logic Levels:           3  (FDRE=1 LUT3=1 LUT5=1)

    Location             Delay type                Incr(ns)  Path(ns)    Netlist Resource(s)
  -------------------------------------------------------------------    -------------------
    SLICE_X2Y92          FDRE                         0.000     0.000 r  uartController/datCounter_reg[2]/C
    SLICE_X2Y92          FDRE (Prop_fdre_C_Q)         0.518     0.518 f  uartController/datCounter_reg[2]/Q
                         net (fo=6, routed)           1.076     1.594    uartController/datCounter_reg[2]
    SLICE_X2Y92          LUT3 (Prop_lut3_I1_O)        0.153     1.747 r  uartController/counter[2]_i_2/O
                         net (fo=5, routed)           1.032     2.779    uartController/counter[2]_i_2_n_0
    SLICE_X3Y92          LUT5 (Prop_lut5_I4_O)        0.331     3.110 r  uartController/datCounter[3]_i_1/O
                         net (fo=4, routed)           0.600     3.710    uartController/datCounter[3]_i_1_n_0
    SLICE_X2Y92          FDRE                                         r  uartController/datCounter_reg[2]/CE
  -------------------------------------------------------------------    -------------------

Slack:                    inf
  Source:                 uartController/datCounter_reg[2]/C
                            (rising edge-triggered cell FDRE)
  Destination:            uartController/datCounter_reg[3]/CE
  Path Group:             (none)
  Path Type:              Max at Slow Process Corner
  Data Path Delay:        3.710ns  (logic 1.002ns (27.008%)  route 2.708ns (72.992%))
  Logic Levels:           3  (FDRE=1 LUT3=1 LUT5=1)

    Location             Delay type                Incr(ns)  Path(ns)    Netlist Resource(s)
  -------------------------------------------------------------------    -------------------
    SLICE_X2Y92          FDRE                         0.000     0.000 r  uartController/datCounter_reg[2]/C
    SLICE_X2Y92          FDRE (Prop_fdre_C_Q)         0.518     0.518 f  uartController/datCounter_reg[2]/Q
                         net (fo=6, routed)           1.076     1.594    uartController/datCounter_reg[2]
    SLICE_X2Y92          LUT3 (Prop_lut3_I1_O)        0.153     1.747 r  uartController/counter[2]_i_2/O
                         net (fo=5, routed)           1.032     2.779    uartController/counter[2]_i_2_n_0
    SLICE_X3Y92          LUT5 (Prop_lut5_I4_O)        0.331     3.110 r  uartController/datCounter[3]_i_1/O
                         net (fo=4, routed)           0.600     3.710    uartController/datCounter[3]_i_1_n_0
    SLICE_X2Y92          FDRE                                         r  uartController/datCounter_reg[3]/CE
  -------------------------------------------------------------------    -------------------

Slack:                    inf
  Source:                 uartController/datCounter_reg[2]/C
                            (rising edge-triggered cell FDRE)
  Destination:            uartController/counter_reg[2]/D
  Path Group:             (none)
  Path Type:              Max at Slow Process Corner
  Data Path Delay:        2.954ns  (logic 1.002ns (33.925%)  route 1.952ns (66.075%))
  Logic Levels:           3  (FDRE=1 LUT3=1 LUT6=1)

    Location             Delay type                Incr(ns)  Path(ns)    Netlist Resource(s)
  -------------------------------------------------------------------    -------------------
    SLICE_X2Y92          FDRE                         0.000     0.000 r  uartController/datCounter_reg[2]/C
    SLICE_X2Y92          FDRE (Prop_fdre_C_Q)         0.518     0.518 f  uartController/datCounter_reg[2]/Q
                         net (fo=6, routed)           1.076     1.594    uartController/datCounter_reg[2]
    SLICE_X2Y92          LUT3 (Prop_lut3_I1_O)        0.153     1.747 r  uartController/counter[2]_i_2/O
                         net (fo=5, routed)           0.875     2.623    uartController/counter[2]_i_2_n_0
    SLICE_X3Y92          LUT6 (Prop_lut6_I5_O)        0.331     2.954 r  uartController/counter[2]_i_1/O
                         net (fo=1, routed)           0.000     2.954    uartController/counter[2]_i_1_n_0
    SLICE_X3Y92          FDRE                                         r  uartController/counter_reg[2]/D
  -------------------------------------------------------------------    -------------------

Slack:                    inf
  Source:                 uartController/datCounter_reg[1]/C
                            (rising edge-triggered cell FDRE)
  Destination:            uartController/bitStream_reg/D
  Path Group:             (none)
  Path Type:              Max at Slow Process Corner
  Data Path Delay:        2.885ns  (logic 0.903ns (31.297%)  route 1.982ns (68.703%))
  Logic Levels:           3  (FDRE=1 LUT5=1 LUT6=1)

    Location             Delay type                Incr(ns)  Path(ns)    Netlist Resource(s)
  -------------------------------------------------------------------    -------------------
    SLICE_X2Y92          FDRE                         0.000     0.000 r  uartController/datCounter_reg[1]/C
    SLICE_X2Y92          FDRE (Prop_fdre_C_Q)         0.478     0.478 r  uartController/datCounter_reg[1]/Q
                         net (fo=8, routed)           0.986     1.464    uartController/datCounter_reg[1]
    SLICE_X5Y93          LUT6 (Prop_lut6_I2_O)        0.301     1.765 r  uartController/bitStream_i_4/O
                         net (fo=1, routed)           0.996     2.761    uartController/bitStream_i_4_n_0
    SLICE_X2Y93          LUT5 (Prop_lut5_I2_O)        0.124     2.885 r  uartController/bitStream_i_3/O
                         net (fo=1, routed)           0.000     2.885    uartController/bitStream_i_3_n_0
    SLICE_X2Y93          FDSE                                         r  uartController/bitStream_reg/D
  -------------------------------------------------------------------    -------------------

Slack:                    inf
  Source:                 uartController/datCounter_reg[2]/C
                            (rising edge-triggered cell FDRE)
  Destination:            uartController/bitStream_reg/CE
  Path Group:             (none)
  Path Type:              Max at Slow Process Corner
  Data Path Delay:        2.857ns  (logic 1.002ns (35.070%)  route 1.855ns (64.930%))
  Logic Levels:           3  (FDRE=1 LUT3=1 LUT6=1)

    Location             Delay type                Incr(ns)  Path(ns)    Netlist Resource(s)
  -------------------------------------------------------------------    -------------------
    SLICE_X2Y92          FDRE                         0.000     0.000 r  uartController/datCounter_reg[2]/C
    SLICE_X2Y92          FDRE (Prop_fdre_C_Q)         0.518     0.518 f  uartController/datCounter_reg[2]/Q
                         net (fo=6, routed)           1.076     1.594    uartController/datCounter_reg[2]
    SLICE_X2Y92          LUT3 (Prop_lut3_I1_O)        0.153     1.747 r  uartController/counter[2]_i_2/O
                         net (fo=5, routed)           0.448     2.195    uartController/counter[2]_i_2_n_0
    SLICE_X3Y92          LUT6 (Prop_lut6_I0_O)        0.331     2.526 r  uartController/bitStream_i_2/O
                         net (fo=1, routed)           0.331     2.857    uartController/bitStream_i_2_n_0
    SLICE_X2Y93          FDSE                                         r  uartController/bitStream_reg/CE
  -------------------------------------------------------------------    -------------------

Slack:                    inf
  Source:                 uartController/datCounter_reg[2]/C
                            (rising edge-triggered cell FDRE)
  Destination:            uartController/counter_reg[1]/D
  Path Group:             (none)
  Path Type:              Max at Slow Process Corner
  Data Path Delay:        2.732ns  (logic 1.028ns (37.630%)  route 1.704ns (62.370%))
  Logic Levels:           3  (FDRE=1 LUT3=1 LUT5=1)

    Location             Delay type                Incr(ns)  Path(ns)    Netlist Resource(s)
  -------------------------------------------------------------------    -------------------
    SLICE_X2Y92          FDRE                         0.000     0.000 r  uartController/datCounter_reg[2]/C
    SLICE_X2Y92          FDRE (Prop_fdre_C_Q)         0.518     0.518 f  uartController/datCounter_reg[2]/Q
                         net (fo=6, routed)           1.076     1.594    uartController/datCounter_reg[2]
    SLICE_X2Y92          LUT3 (Prop_lut3_I1_O)        0.153     1.747 r  uartController/counter[2]_i_2/O
                         net (fo=5, routed)           0.628     2.375    uartController/counter[2]_i_2_n_0
    SLICE_X4Y92          LUT5 (Prop_lut5_I4_O)        0.357     2.732 r  uartController/counter[1]_i_1/O
                         net (fo=1, routed)           0.000     2.732    uartController/counter[1]_i_1_n_0
    SLICE_X4Y92          FDRE                                         r  uartController/counter_reg[1]/D
  -------------------------------------------------------------------    -------------------

Slack:                    inf
  Source:                 uartController/datCounter_reg[2]/C
                            (rising edge-triggered cell FDRE)
  Destination:            uartController/counter_reg[0]/D
  Path Group:             (none)
  Path Type:              Max at Slow Process Corner
  Data Path Delay:        2.706ns  (logic 1.002ns (37.031%)  route 1.704ns (62.969%))
  Logic Levels:           3  (FDRE=1 LUT3=1 LUT4=1)

    Location             Delay type                Incr(ns)  Path(ns)    Netlist Resource(s)
  -------------------------------------------------------------------    -------------------
    SLICE_X2Y92          FDRE                         0.000     0.000 r  uartController/datCounter_reg[2]/C
    SLICE_X2Y92          FDRE (Prop_fdre_C_Q)         0.518     0.518 f  uartController/datCounter_reg[2]/Q
                         net (fo=6, routed)           1.076     1.594    uartController/datCounter_reg[2]
    SLICE_X2Y92          LUT3 (Prop_lut3_I1_O)        0.153     1.747 r  uartController/counter[2]_i_2/O
                         net (fo=5, routed)           0.628     2.375    uartController/counter[2]_i_2_n_0
    SLICE_X4Y92          LUT4 (Prop_lut4_I3_O)        0.331     2.706 r  uartController/counter[0]_i_1/O
                         net (fo=1, routed)           0.000     2.706    uartController/counter[0]_i_1_n_0
    SLICE_X4Y92          FDRE                                         r  uartController/counter_reg[0]/D
  -------------------------------------------------------------------    -------------------





Min Delay Paths
--------------------------------------------------------------------------------------
Slack:                    inf
  Source:                 uartController/stateNext_reg/C
                            (rising edge-triggered cell FDRE)
  Destination:            uartController/state_reg/D
  Path Group:             (none)
  Path Type:              Min at Fast Process Corner
  Data Path Delay:        0.317ns  (logic 0.141ns (44.418%)  route 0.176ns (55.582%))
  Logic Levels:           1  (FDRE=1)

    Location             Delay type                Incr(ns)  Path(ns)    Netlist Resource(s)
  -------------------------------------------------------------------    -------------------
    SLICE_X3Y92          FDRE                         0.000     0.000 r  uartController/stateNext_reg/C
    SLICE_X3Y92          FDRE (Prop_fdre_C_Q)         0.141     0.141 r  uartController/stateNext_reg/Q
                         net (fo=1, routed)           0.176     0.317    uartController/stateNext_reg_n_0
    SLICE_X3Y92          FDRE                                         r  uartController/state_reg/D
  -------------------------------------------------------------------    -------------------

Slack:                    inf
  Source:                 uartController/datCounter_reg[2]/C
                            (rising edge-triggered cell FDRE)
  Destination:            uartController/stateNext_reg/D
  Path Group:             (none)
  Path Type:              Min at Fast Process Corner
  Data Path Delay:        0.326ns  (logic 0.209ns (64.063%)  route 0.117ns (35.937%))
  Logic Levels:           2  (FDRE=1 LUT5=1)

    Location             Delay type                Incr(ns)  Path(ns)    Netlist Resource(s)
  -------------------------------------------------------------------    -------------------
    SLICE_X2Y92          FDRE                         0.000     0.000 r  uartController/datCounter_reg[2]/C
    SLICE_X2Y92          FDRE (Prop_fdre_C_Q)         0.164     0.164 f  uartController/datCounter_reg[2]/Q
                         net (fo=6, routed)           0.117     0.281    uartController/datCounter_reg[2]
    SLICE_X3Y92          LUT5 (Prop_lut5_I1_O)        0.045     0.326 r  uartController/stateNext_i_1/O
                         net (fo=1, routed)           0.000     0.326    uartController/stateNext_i_1_n_0
    SLICE_X3Y92          FDRE                                         r  uartController/stateNext_reg/D
  -------------------------------------------------------------------    -------------------

Slack:                    inf
  Source:                 uartController/counter_reg[0]/C
                            (rising edge-triggered cell FDRE)
  Destination:            uartController/counter_reg[1]/D
  Path Group:             (none)
  Path Type:              Min at Fast Process Corner
  Data Path Delay:        0.368ns  (logic 0.183ns (49.764%)  route 0.185ns (50.236%))
  Logic Levels:           2  (FDRE=1 LUT5=1)

    Location             Delay type                Incr(ns)  Path(ns)    Netlist Resource(s)
  -------------------------------------------------------------------    -------------------
    SLICE_X4Y92          FDRE                         0.000     0.000 r  uartController/counter_reg[0]/C
    SLICE_X4Y92          FDRE (Prop_fdre_C_Q)         0.141     0.141 r  uartController/counter_reg[0]/Q
                         net (fo=5, routed)           0.185     0.326    uartController/counter_reg_n_0_[0]
    SLICE_X4Y92          LUT5 (Prop_lut5_I3_O)        0.042     0.368 r  uartController/counter[1]_i_1/O
                         net (fo=1, routed)           0.000     0.368    uartController/counter[1]_i_1_n_0
    SLICE_X4Y92          FDRE                                         r  uartController/counter_reg[1]/D
  -------------------------------------------------------------------    -------------------

Slack:                    inf
  Source:                 uartController/state_reg/C
                            (rising edge-triggered cell FDRE)
  Destination:            uartController/counter_reg[2]/D
  Path Group:             (none)
  Path Type:              Min at Fast Process Corner
  Data Path Delay:        0.369ns  (logic 0.227ns (61.484%)  route 0.142ns (38.516%))
  Logic Levels:           2  (FDRE=1 LUT6=1)

    Location             Delay type                Incr(ns)  Path(ns)    Netlist Resource(s)
  -------------------------------------------------------------------    -------------------
    SLICE_X3Y92          FDRE                         0.000     0.000 r  uartController/state_reg/C
    SLICE_X3Y92          FDRE (Prop_fdre_C_Q)         0.128     0.128 r  uartController/state_reg/Q
                         net (fo=9, routed)           0.142     0.270    uartController/state
    SLICE_X3Y92          LUT6 (Prop_lut6_I1_O)        0.099     0.369 r  uartController/counter[2]_i_1/O
                         net (fo=1, routed)           0.000     0.369    uartController/counter[2]_i_1_n_0
    SLICE_X3Y92          FDRE                                         r  uartController/counter_reg[2]/D
  -------------------------------------------------------------------    -------------------

Slack:                    inf
  Source:                 uartController/counter_reg[0]/C
                            (rising edge-triggered cell FDRE)
  Destination:            uartController/counter_reg[0]/D
  Path Group:             (none)
  Path Type:              Min at Fast Process Corner
  Data Path Delay:        0.371ns  (logic 0.186ns (50.171%)  route 0.185ns (49.829%))
  Logic Levels:           2  (FDRE=1 LUT4=1)

    Location             Delay type                Incr(ns)  Path(ns)    Netlist Resource(s)
  -------------------------------------------------------------------    -------------------
    SLICE_X4Y92          FDRE                         0.000     0.000 r  uartController/counter_reg[0]/C
    SLICE_X4Y92          FDRE (Prop_fdre_C_Q)         0.141     0.141 r  uartController/counter_reg[0]/Q
                         net (fo=5, routed)           0.185     0.326    uartController/counter_reg_n_0_[0]
    SLICE_X4Y92          LUT4 (Prop_lut4_I2_O)        0.045     0.371 r  uartController/counter[0]_i_1/O
                         net (fo=1, routed)           0.000     0.371    uartController/counter[0]_i_1_n_0
    SLICE_X4Y92          FDRE                                         r  uartController/counter_reg[0]/D
  -------------------------------------------------------------------    -------------------

Slack:                    inf
  Source:                 uartController/datCounter_reg[2]/C
                            (rising edge-triggered cell FDRE)
  Destination:            uartController/bitStream_reg/D
  Path Group:             (none)
  Path Type:              Min at Fast Process Corner
  Data Path Delay:        0.385ns  (logic 0.209ns (54.247%)  route 0.176ns (45.753%))
  Logic Levels:           2  (FDRE=1 LUT5=1)

    Location             Delay type                Incr(ns)  Path(ns)    Netlist Resource(s)
  -------------------------------------------------------------------    -------------------
    SLICE_X2Y92          FDRE                         0.000     0.000 r  uartController/datCounter_reg[2]/C
    SLICE_X2Y92          FDRE (Prop_fdre_C_Q)         0.164     0.164 r  uartController/datCounter_reg[2]/Q
                         net (fo=6, routed)           0.176     0.340    uartController/datCounter_reg[2]
    SLICE_X2Y93          LUT5 (Prop_lut5_I3_O)        0.045     0.385 r  uartController/bitStream_i_3/O
                         net (fo=1, routed)           0.000     0.385    uartController/bitStream_i_3_n_0
    SLICE_X2Y93          FDSE                                         r  uartController/bitStream_reg/D
  -------------------------------------------------------------------    -------------------

Slack:                    inf
  Source:                 uartController/datCounter_reg[2]/C
                            (rising edge-triggered cell FDRE)
  Destination:            uartController/datCounter_reg[3]/D
  Path Group:             (none)
  Path Type:              Min at Fast Process Corner
  Data Path Delay:        0.404ns  (logic 0.207ns (51.207%)  route 0.197ns (48.793%))
  Logic Levels:           2  (FDRE=1 LUT4=1)

    Location             Delay type                Incr(ns)  Path(ns)    Netlist Resource(s)
  -------------------------------------------------------------------    -------------------
    SLICE_X2Y92          FDRE                         0.000     0.000 r  uartController/datCounter_reg[2]/C
    SLICE_X2Y92          FDRE (Prop_fdre_C_Q)         0.164     0.164 r  uartController/datCounter_reg[2]/Q
                         net (fo=6, routed)           0.197     0.361    uartController/datCounter_reg[2]
    SLICE_X2Y92          LUT4 (Prop_lut4_I2_O)        0.043     0.404 r  uartController/datCounter[3]_i_2/O
                         net (fo=1, routed)           0.000     0.404    uartController/p_0_in[3]
    SLICE_X2Y92          FDRE                                         r  uartController/datCounter_reg[3]/D
  -------------------------------------------------------------------    -------------------

Slack:                    inf
  Source:                 uartController/datCounter_reg[2]/C
                            (rising edge-triggered cell FDRE)
  Destination:            uartController/datCounter_reg[2]/D
  Path Group:             (none)
  Path Type:              Min at Fast Process Corner
  Data Path Delay:        0.406ns  (logic 0.209ns (51.447%)  route 0.197ns (48.553%))
  Logic Levels:           2  (FDRE=1 LUT3=1)

    Location             Delay type                Incr(ns)  Path(ns)    Netlist Resource(s)
  -------------------------------------------------------------------    -------------------
    SLICE_X2Y92          FDRE                         0.000     0.000 r  uartController/datCounter_reg[2]/C
    SLICE_X2Y92          FDRE (Prop_fdre_C_Q)         0.164     0.164 r  uartController/datCounter_reg[2]/Q
                         net (fo=6, routed)           0.197     0.361    uartController/datCounter_reg[2]
    SLICE_X2Y92          LUT3 (Prop_lut3_I2_O)        0.045     0.406 r  uartController/datCounter[2]_i_1/O
                         net (fo=1, routed)           0.000     0.406    uartController/p_0_in[2]
    SLICE_X2Y92          FDRE                                         r  uartController/datCounter_reg[2]/D
  -------------------------------------------------------------------    -------------------

Slack:                    inf
  Source:                 uartController/datCounter_reg[0]/C
                            (rising edge-triggered cell FDRE)
  Destination:            uartController/datCounter_reg[0]/D
  Path Group:             (none)
  Path Type:              Min at Fast Process Corner
  Data Path Delay:        0.478ns  (logic 0.209ns (43.754%)  route 0.269ns (56.246%))
  Logic Levels:           2  (FDRE=1 LUT1=1)

    Location             Delay type                Incr(ns)  Path(ns)    Netlist Resource(s)
  -------------------------------------------------------------------    -------------------
    SLICE_X2Y92          FDRE                         0.000     0.000 r  uartController/datCounter_reg[0]/C
    SLICE_X2Y92          FDRE (Prop_fdre_C_Q)         0.164     0.164 f  uartController/datCounter_reg[0]/Q
                         net (fo=7, routed)           0.269     0.433    uartController/datCounter_reg[0]
    SLICE_X2Y92          LUT1 (Prop_lut1_I0_O)        0.045     0.478 r  uartController/datCounter[0]_i_1/O
                         net (fo=1, routed)           0.000     0.478    uartController/p_0_in[0]
    SLICE_X2Y92          FDRE                                         r  uartController/datCounter_reg[0]/D
  -------------------------------------------------------------------    -------------------

Slack:                    inf
  Source:                 uartController/counter_reg[1]/C
                            (rising edge-triggered cell FDRE)
  Destination:            uartController/bitStream_reg/CE
  Path Group:             (none)
  Path Type:              Min at Fast Process Corner
  Data Path Delay:        0.485ns  (logic 0.227ns (46.819%)  route 0.258ns (53.181%))
  Logic Levels:           2  (FDRE=1 LUT6=1)

    Location             Delay type                Incr(ns)  Path(ns)    Netlist Resource(s)
  -------------------------------------------------------------------    -------------------
    SLICE_X4Y92          FDRE                         0.000     0.000 r  uartController/counter_reg[1]/C
    SLICE_X4Y92          FDRE (Prop_fdre_C_Q)         0.128     0.128 f  uartController/counter_reg[1]/Q
                         net (fo=4, routed)           0.146     0.274    uartController/counter_reg_n_0_[1]
    SLICE_X3Y92          LUT6 (Prop_lut6_I2_O)        0.099     0.373 r  uartController/bitStream_i_2/O
                         net (fo=1, routed)           0.112     0.485    uartController/bitStream_i_2_n_0
    SLICE_X2Y93          FDSE                                         r  uartController/bitStream_reg/CE
  -------------------------------------------------------------------    -------------------





--------------------------------------------------------------------------------------
Path Group:  (none)
From Clock:  sys_clk_pin
  To Clock:  

Max Delay            24 Endpoints
Min Delay            24 Endpoints
--------------------------------------------------------------------------------------


Max Delay Paths
--------------------------------------------------------------------------------------
Slack:                    inf
  Source:                 fifo/writeFinished_reg/C
                            (rising edge-triggered cell FDRE clocked by sys_clk_pin  {rise@0.000ns fall@5.000ns period=10.000ns})
  Destination:            uartController/datCounter_reg[0]/R
  Path Group:             (none)
  Path Type:              Max at Slow Process Corner
  Data Path Delay:        2.067ns  (logic 0.743ns (35.954%)  route 1.324ns (64.046%))
  Logic Levels:           1  (LUT2=1)
  Clock Uncertainty:      0.025ns  ((TSJ^2 + TIJ^2)^1/2 + DJ) / 2 + PE
    Total System Jitter     (TSJ):    0.050ns
    Total Input Jitter      (TIJ):    0.000ns
    Discrete Jitter          (DJ):    0.000ns
    Phase Error              (PE):    0.000ns

    Location             Delay type                Incr(ns)  Path(ns)    Netlist Resource(s)
  -------------------------------------------------------------------    -------------------
                         (clock sys_clk_pin rise edge)
                                                      0.000     0.000 r  
    E3                                                0.000     0.000 r  clk (IN)
                         net (fo=0)                   0.000     0.000    clk
    E3                   IBUF (Prop_ibuf_I_O)         1.482     1.482 r  clk_IBUF_inst/O
                         net (fo=1, routed)           2.025     3.506    clk_IBUF
    BUFGCTRL_X0Y16       BUFG (Prop_bufg_I_O)         0.096     3.602 r  clk_IBUF_BUFG_inst/O
                         net (fo=46, routed)          1.725     5.328    fifo/clk_IBUF_BUFG
    SLICE_X3Y93          FDRE                                         r  fifo/writeFinished_reg/C
  -------------------------------------------------------------------    -------------------
    SLICE_X3Y93          FDRE (Prop_fdre_C_Q)         0.419     5.747 r  fifo/writeFinished_reg/Q
                         net (fo=8, routed)           0.654     6.400    fifo/writeFinished
    SLICE_X2Y92          LUT2 (Prop_lut2_I0_O)        0.324     6.724 r  fifo/inputStream[7]_i_1/O
                         net (fo=11, routed)          0.670     7.394    uartController/E[0]
    SLICE_X2Y92          FDRE                                         r  uartController/datCounter_reg[0]/R
  -------------------------------------------------------------------    -------------------

Slack:                    inf
  Source:                 fifo/writeFinished_reg/C
                            (rising edge-triggered cell FDRE clocked by sys_clk_pin  {rise@0.000ns fall@5.000ns period=10.000ns})
  Destination:            uartController/datCounter_reg[1]/R
  Path Group:             (none)
  Path Type:              Max at Slow Process Corner
  Data Path Delay:        2.067ns  (logic 0.743ns (35.954%)  route 1.324ns (64.046%))
  Logic Levels:           1  (LUT2=1)
  Clock Uncertainty:      0.025ns  ((TSJ^2 + TIJ^2)^1/2 + DJ) / 2 + PE
    Total System Jitter     (TSJ):    0.050ns
    Total Input Jitter      (TIJ):    0.000ns
    Discrete Jitter          (DJ):    0.000ns
    Phase Error              (PE):    0.000ns

    Location             Delay type                Incr(ns)  Path(ns)    Netlist Resource(s)
  -------------------------------------------------------------------    -------------------
                         (clock sys_clk_pin rise edge)
                                                      0.000     0.000 r  
    E3                                                0.000     0.000 r  clk (IN)
                         net (fo=0)                   0.000     0.000    clk
    E3                   IBUF (Prop_ibuf_I_O)         1.482     1.482 r  clk_IBUF_inst/O
                         net (fo=1, routed)           2.025     3.506    clk_IBUF
    BUFGCTRL_X0Y16       BUFG (Prop_bufg_I_O)         0.096     3.602 r  clk_IBUF_BUFG_inst/O
                         net (fo=46, routed)          1.725     5.328    fifo/clk_IBUF_BUFG
    SLICE_X3Y93          FDRE                                         r  fifo/writeFinished_reg/C
  -------------------------------------------------------------------    -------------------
    SLICE_X3Y93          FDRE (Prop_fdre_C_Q)         0.419     5.747 r  fifo/writeFinished_reg/Q
                         net (fo=8, routed)           0.654     6.400    fifo/writeFinished
    SLICE_X2Y92          LUT2 (Prop_lut2_I0_O)        0.324     6.724 r  fifo/inputStream[7]_i_1/O
                         net (fo=11, routed)          0.670     7.394    uartController/E[0]
    SLICE_X2Y92          FDRE                                         r  uartController/datCounter_reg[1]/R
  -------------------------------------------------------------------    -------------------

Slack:                    inf
  Source:                 fifo/writeFinished_reg/C
                            (rising edge-triggered cell FDRE clocked by sys_clk_pin  {rise@0.000ns fall@5.000ns period=10.000ns})
  Destination:            uartController/datCounter_reg[2]/R
  Path Group:             (none)
  Path Type:              Max at Slow Process Corner
  Data Path Delay:        2.067ns  (logic 0.743ns (35.954%)  route 1.324ns (64.046%))
  Logic Levels:           1  (LUT2=1)
  Clock Uncertainty:      0.025ns  ((TSJ^2 + TIJ^2)^1/2 + DJ) / 2 + PE
    Total System Jitter     (TSJ):    0.050ns
    Total Input Jitter      (TIJ):    0.000ns
    Discrete Jitter          (DJ):    0.000ns
    Phase Error              (PE):    0.000ns

    Location             Delay type                Incr(ns)  Path(ns)    Netlist Resource(s)
  -------------------------------------------------------------------    -------------------
                         (clock sys_clk_pin rise edge)
                                                      0.000     0.000 r  
    E3                                                0.000     0.000 r  clk (IN)
                         net (fo=0)                   0.000     0.000    clk
    E3                   IBUF (Prop_ibuf_I_O)         1.482     1.482 r  clk_IBUF_inst/O
                         net (fo=1, routed)           2.025     3.506    clk_IBUF
    BUFGCTRL_X0Y16       BUFG (Prop_bufg_I_O)         0.096     3.602 r  clk_IBUF_BUFG_inst/O
                         net (fo=46, routed)          1.725     5.328    fifo/clk_IBUF_BUFG
    SLICE_X3Y93          FDRE                                         r  fifo/writeFinished_reg/C
  -------------------------------------------------------------------    -------------------
    SLICE_X3Y93          FDRE (Prop_fdre_C_Q)         0.419     5.747 r  fifo/writeFinished_reg/Q
                         net (fo=8, routed)           0.654     6.400    fifo/writeFinished
    SLICE_X2Y92          LUT2 (Prop_lut2_I0_O)        0.324     6.724 r  fifo/inputStream[7]_i_1/O
                         net (fo=11, routed)          0.670     7.394    uartController/E[0]
    SLICE_X2Y92          FDRE                                         r  uartController/datCounter_reg[2]/R
  -------------------------------------------------------------------    -------------------

Slack:                    inf
  Source:                 fifo/writeFinished_reg/C
                            (rising edge-triggered cell FDRE clocked by sys_clk_pin  {rise@0.000ns fall@5.000ns period=10.000ns})
  Destination:            uartController/datCounter_reg[3]/R
  Path Group:             (none)
  Path Type:              Max at Slow Process Corner
  Data Path Delay:        2.067ns  (logic 0.743ns (35.954%)  route 1.324ns (64.046%))
  Logic Levels:           1  (LUT2=1)
  Clock Uncertainty:      0.025ns  ((TSJ^2 + TIJ^2)^1/2 + DJ) / 2 + PE
    Total System Jitter     (TSJ):    0.050ns
    Total Input Jitter      (TIJ):    0.000ns
    Discrete Jitter          (DJ):    0.000ns
    Phase Error              (PE):    0.000ns

    Location             Delay type                Incr(ns)  Path(ns)    Netlist Resource(s)
  -------------------------------------------------------------------    -------------------
                         (clock sys_clk_pin rise edge)
                                                      0.000     0.000 r  
    E3                                                0.000     0.000 r  clk (IN)
                         net (fo=0)                   0.000     0.000    clk
    E3                   IBUF (Prop_ibuf_I_O)         1.482     1.482 r  clk_IBUF_inst/O
                         net (fo=1, routed)           2.025     3.506    clk_IBUF
    BUFGCTRL_X0Y16       BUFG (Prop_bufg_I_O)         0.096     3.602 r  clk_IBUF_BUFG_inst/O
                         net (fo=46, routed)          1.725     5.328    fifo/clk_IBUF_BUFG
    SLICE_X3Y93          FDRE                                         r  fifo/writeFinished_reg/C
  -------------------------------------------------------------------    -------------------
    SLICE_X3Y93          FDRE (Prop_fdre_C_Q)         0.419     5.747 r  fifo/writeFinished_reg/Q
                         net (fo=8, routed)           0.654     6.400    fifo/writeFinished
    SLICE_X2Y92          LUT2 (Prop_lut2_I0_O)        0.324     6.724 r  fifo/inputStream[7]_i_1/O
                         net (fo=11, routed)          0.670     7.394    uartController/E[0]
    SLICE_X2Y92          FDRE                                         r  uartController/datCounter_reg[3]/R
  -------------------------------------------------------------------    -------------------

Slack:                    inf
  Source:                 fifo/writeFinished_reg/C
                            (rising edge-triggered cell FDRE clocked by sys_clk_pin  {rise@0.000ns fall@5.000ns period=10.000ns})
  Destination:            uartController/bitStream_reg/S
  Path Group:             (none)
  Path Type:              Max at Slow Process Corner
  Data Path Delay:        1.948ns  (logic 0.718ns (36.854%)  route 1.230ns (63.146%))
  Logic Levels:           1  (LUT2=1)
  Clock Uncertainty:      0.025ns  ((TSJ^2 + TIJ^2)^1/2 + DJ) / 2 + PE
    Total System Jitter     (TSJ):    0.050ns
    Total Input Jitter      (TIJ):    0.000ns
    Discrete Jitter          (DJ):    0.000ns
    Phase Error              (PE):    0.000ns

    Location             Delay type                Incr(ns)  Path(ns)    Netlist Resource(s)
  -------------------------------------------------------------------    -------------------
                         (clock sys_clk_pin rise edge)
                                                      0.000     0.000 r  
    E3                                                0.000     0.000 r  clk (IN)
                         net (fo=0)                   0.000     0.000    clk
    E3                   IBUF (Prop_ibuf_I_O)         1.482     1.482 r  clk_IBUF_inst/O
                         net (fo=1, routed)           2.025     3.506    clk_IBUF
    BUFGCTRL_X0Y16       BUFG (Prop_bufg_I_O)         0.096     3.602 r  clk_IBUF_BUFG_inst/O
                         net (fo=46, routed)          1.725     5.328    fifo/clk_IBUF_BUFG
    SLICE_X3Y93          FDRE                                         r  fifo/writeFinished_reg/C
  -------------------------------------------------------------------    -------------------
    SLICE_X3Y93          FDRE (Prop_fdre_C_Q)         0.419     5.747 f  fifo/writeFinished_reg/Q
                         net (fo=8, routed)           0.654     6.400    uartController/writeFinished
    SLICE_X2Y92          LUT2 (Prop_lut2_I1_O)        0.299     6.699 r  uartController/bitStream_i_1/O
                         net (fo=1, routed)           0.577     7.276    uartController/bitStream_i_1_n_0
    SLICE_X2Y93          FDSE                                         r  uartController/bitStream_reg/S
  -------------------------------------------------------------------    -------------------

Slack:                    inf
  Source:                 fifo/writeFinished_reg/C
                            (rising edge-triggered cell FDRE clocked by sys_clk_pin  {rise@0.000ns fall@5.000ns period=10.000ns})
  Destination:            uartController/bitStream_reg/CE
  Path Group:             (none)
  Path Type:              Max at Slow Process Corner
  Data Path Delay:        1.893ns  (logic 0.718ns (37.930%)  route 1.175ns (62.070%))
  Logic Levels:           1  (LUT6=1)
  Clock Uncertainty:      0.025ns  ((TSJ^2 + TIJ^2)^1/2 + DJ) / 2 + PE
    Total System Jitter     (TSJ):    0.050ns
    Total Input Jitter      (TIJ):    0.000ns
    Discrete Jitter          (DJ):    0.000ns
    Phase Error              (PE):    0.000ns

    Location             Delay type                Incr(ns)  Path(ns)    Netlist Resource(s)
  -------------------------------------------------------------------    -------------------
                         (clock sys_clk_pin rise edge)
                                                      0.000     0.000 r  
    E3                                                0.000     0.000 r  clk (IN)
                         net (fo=0)                   0.000     0.000    clk
    E3                   IBUF (Prop_ibuf_I_O)         1.482     1.482 r  clk_IBUF_inst/O
                         net (fo=1, routed)           2.025     3.506    clk_IBUF
    BUFGCTRL_X0Y16       BUFG (Prop_bufg_I_O)         0.096     3.602 r  clk_IBUF_BUFG_inst/O
                         net (fo=46, routed)          1.725     5.328    fifo/clk_IBUF_BUFG
    SLICE_X3Y93          FDRE                                         r  fifo/writeFinished_reg/C
  -------------------------------------------------------------------    -------------------
    SLICE_X3Y93          FDRE (Prop_fdre_C_Q)         0.419     5.747 f  fifo/writeFinished_reg/Q
                         net (fo=8, routed)           0.844     6.590    uartController/writeFinished
    SLICE_X3Y92          LUT6 (Prop_lut6_I5_O)        0.299     6.889 r  uartController/bitStream_i_2/O
                         net (fo=1, routed)           0.331     7.221    uartController/bitStream_i_2_n_0
    SLICE_X2Y93          FDSE                                         r  uartController/bitStream_reg/CE
  -------------------------------------------------------------------    -------------------

Slack:                    inf
  Source:                 fifo/writeFinished_reg/C
                            (rising edge-triggered cell FDRE clocked by sys_clk_pin  {rise@0.000ns fall@5.000ns period=10.000ns})
  Destination:            uartController/inputStream_reg[1]/CE
  Path Group:             (none)
  Path Type:              Max at Slow Process Corner
  Data Path Delay:        1.761ns  (logic 0.743ns (42.198%)  route 1.018ns (57.802%))
  Logic Levels:           1  (LUT2=1)
  Clock Uncertainty:      0.025ns  ((TSJ^2 + TIJ^2)^1/2 + DJ) / 2 + PE
    Total System Jitter     (TSJ):    0.050ns
    Total Input Jitter      (TIJ):    0.000ns
    Discrete Jitter          (DJ):    0.000ns
    Phase Error              (PE):    0.000ns

    Location             Delay type                Incr(ns)  Path(ns)    Netlist Resource(s)
  -------------------------------------------------------------------    -------------------
                         (clock sys_clk_pin rise edge)
                                                      0.000     0.000 r  
    E3                                                0.000     0.000 r  clk (IN)
                         net (fo=0)                   0.000     0.000    clk
    E3                   IBUF (Prop_ibuf_I_O)         1.482     1.482 r  clk_IBUF_inst/O
                         net (fo=1, routed)           2.025     3.506    clk_IBUF
    BUFGCTRL_X0Y16       BUFG (Prop_bufg_I_O)         0.096     3.602 r  clk_IBUF_BUFG_inst/O
                         net (fo=46, routed)          1.725     5.328    fifo/clk_IBUF_BUFG
    SLICE_X3Y93          FDRE                                         r  fifo/writeFinished_reg/C
  -------------------------------------------------------------------    -------------------
    SLICE_X3Y93          FDRE (Prop_fdre_C_Q)         0.419     5.747 r  fifo/writeFinished_reg/Q
                         net (fo=8, routed)           0.654     6.400    fifo/writeFinished
    SLICE_X2Y92          LUT2 (Prop_lut2_I0_O)        0.324     6.724 r  fifo/inputStream[7]_i_1/O
                         net (fo=11, routed)          0.364     7.088    uartController/E[0]
    SLICE_X5Y93          FDRE                                         r  uartController/inputStream_reg[1]/CE
  -------------------------------------------------------------------    -------------------

Slack:                    inf
  Source:                 fifo/writeFinished_reg/C
                            (rising edge-triggered cell FDRE clocked by sys_clk_pin  {rise@0.000ns fall@5.000ns period=10.000ns})
  Destination:            uartController/inputStream_reg[2]/CE
  Path Group:             (none)
  Path Type:              Max at Slow Process Corner
  Data Path Delay:        1.761ns  (logic 0.743ns (42.198%)  route 1.018ns (57.802%))
  Logic Levels:           1  (LUT2=1)
  Clock Uncertainty:      0.025ns  ((TSJ^2 + TIJ^2)^1/2 + DJ) / 2 + PE
    Total System Jitter     (TSJ):    0.050ns
    Total Input Jitter      (TIJ):    0.000ns
    Discrete Jitter          (DJ):    0.000ns
    Phase Error              (PE):    0.000ns

    Location             Delay type                Incr(ns)  Path(ns)    Netlist Resource(s)
  -------------------------------------------------------------------    -------------------
                         (clock sys_clk_pin rise edge)
                                                      0.000     0.000 r  
    E3                                                0.000     0.000 r  clk (IN)
                         net (fo=0)                   0.000     0.000    clk
    E3                   IBUF (Prop_ibuf_I_O)         1.482     1.482 r  clk_IBUF_inst/O
                         net (fo=1, routed)           2.025     3.506    clk_IBUF
    BUFGCTRL_X0Y16       BUFG (Prop_bufg_I_O)         0.096     3.602 r  clk_IBUF_BUFG_inst/O
                         net (fo=46, routed)          1.725     5.328    fifo/clk_IBUF_BUFG
    SLICE_X3Y93          FDRE                                         r  fifo/writeFinished_reg/C
  -------------------------------------------------------------------    -------------------
    SLICE_X3Y93          FDRE (Prop_fdre_C_Q)         0.419     5.747 r  fifo/writeFinished_reg/Q
                         net (fo=8, routed)           0.654     6.400    fifo/writeFinished
    SLICE_X2Y92          LUT2 (Prop_lut2_I0_O)        0.324     6.724 r  fifo/inputStream[7]_i_1/O
                         net (fo=11, routed)          0.364     7.088    uartController/E[0]
    SLICE_X5Y93          FDRE                                         r  uartController/inputStream_reg[2]/CE
  -------------------------------------------------------------------    -------------------

Slack:                    inf
  Source:                 fifo/writeFinished_reg/C
                            (rising edge-triggered cell FDRE clocked by sys_clk_pin  {rise@0.000ns fall@5.000ns period=10.000ns})
  Destination:            uartController/inputStream_reg[3]/CE
  Path Group:             (none)
  Path Type:              Max at Slow Process Corner
  Data Path Delay:        1.761ns  (logic 0.743ns (42.198%)  route 1.018ns (57.802%))
  Logic Levels:           1  (LUT2=1)
  Clock Uncertainty:      0.025ns  ((TSJ^2 + TIJ^2)^1/2 + DJ) / 2 + PE
    Total System Jitter     (TSJ):    0.050ns
    Total Input Jitter      (TIJ):    0.000ns
    Discrete Jitter          (DJ):    0.000ns
    Phase Error              (PE):    0.000ns

    Location             Delay type                Incr(ns)  Path(ns)    Netlist Resource(s)
  -------------------------------------------------------------------    -------------------
                         (clock sys_clk_pin rise edge)
                                                      0.000     0.000 r  
    E3                                                0.000     0.000 r  clk (IN)
                         net (fo=0)                   0.000     0.000    clk
    E3                   IBUF (Prop_ibuf_I_O)         1.482     1.482 r  clk_IBUF_inst/O
                         net (fo=1, routed)           2.025     3.506    clk_IBUF
    BUFGCTRL_X0Y16       BUFG (Prop_bufg_I_O)         0.096     3.602 r  clk_IBUF_BUFG_inst/O
                         net (fo=46, routed)          1.725     5.328    fifo/clk_IBUF_BUFG
    SLICE_X3Y93          FDRE                                         r  fifo/writeFinished_reg/C
  -------------------------------------------------------------------    -------------------
    SLICE_X3Y93          FDRE (Prop_fdre_C_Q)         0.419     5.747 r  fifo/writeFinished_reg/Q
                         net (fo=8, routed)           0.654     6.400    fifo/writeFinished
    SLICE_X2Y92          LUT2 (Prop_lut2_I0_O)        0.324     6.724 r  fifo/inputStream[7]_i_1/O
                         net (fo=11, routed)          0.364     7.088    uartController/E[0]
    SLICE_X5Y93          FDRE                                         r  uartController/inputStream_reg[3]/CE
  -------------------------------------------------------------------    -------------------

Slack:                    inf
  Source:                 fifo/writeFinished_reg/C
                            (rising edge-triggered cell FDRE clocked by sys_clk_pin  {rise@0.000ns fall@5.000ns period=10.000ns})
  Destination:            uartController/inputStream_reg[4]/CE
  Path Group:             (none)
  Path Type:              Max at Slow Process Corner
  Data Path Delay:        1.761ns  (logic 0.743ns (42.198%)  route 1.018ns (57.802%))
  Logic Levels:           1  (LUT2=1)
  Clock Uncertainty:      0.025ns  ((TSJ^2 + TIJ^2)^1/2 + DJ) / 2 + PE
    Total System Jitter     (TSJ):    0.050ns
    Total Input Jitter      (TIJ):    0.000ns
    Discrete Jitter          (DJ):    0.000ns
    Phase Error              (PE):    0.000ns

    Location             Delay type                Incr(ns)  Path(ns)    Netlist Resource(s)
  -------------------------------------------------------------------    -------------------
                         (clock sys_clk_pin rise edge)
                                                      0.000     0.000 r  
    E3                                                0.000     0.000 r  clk (IN)
                         net (fo=0)                   0.000     0.000    clk
    E3                   IBUF (Prop_ibuf_I_O)         1.482     1.482 r  clk_IBUF_inst/O
                         net (fo=1, routed)           2.025     3.506    clk_IBUF
    BUFGCTRL_X0Y16       BUFG (Prop_bufg_I_O)         0.096     3.602 r  clk_IBUF_BUFG_inst/O
                         net (fo=46, routed)          1.725     5.328    fifo/clk_IBUF_BUFG
    SLICE_X3Y93          FDRE                                         r  fifo/writeFinished_reg/C
  -------------------------------------------------------------------    -------------------
    SLICE_X3Y93          FDRE (Prop_fdre_C_Q)         0.419     5.747 r  fifo/writeFinished_reg/Q
                         net (fo=8, routed)           0.654     6.400    fifo/writeFinished
    SLICE_X2Y92          LUT2 (Prop_lut2_I0_O)        0.324     6.724 r  fifo/inputStream[7]_i_1/O
                         net (fo=11, routed)          0.364     7.088    uartController/E[0]
    SLICE_X5Y93          FDRE                                         r  uartController/inputStream_reg[4]/CE
  -------------------------------------------------------------------    -------------------





Min Delay Paths
--------------------------------------------------------------------------------------
Slack:                    inf
  Source:                 fifo/writeOut_reg[4]/C
                            (rising edge-triggered cell FDRE clocked by sys_clk_pin  {rise@0.000ns fall@5.000ns period=10.000ns})
  Destination:            uartController/inputStream_reg[5]/D
  Path Group:             (none)
  Path Type:              Min at Fast Process Corner
  Data Path Delay:        0.245ns  (logic 0.128ns (52.327%)  route 0.117ns (47.673%))
  Logic Levels:           0  
  Clock Uncertainty:      0.025ns  ((TSJ^2 + TIJ^2)^1/2 + DJ) / 2 + PE
    Total System Jitter     (TSJ):    0.050ns
    Total Input Jitter      (TIJ):    0.000ns
    Discrete Jitter          (DJ):    0.000ns
    Phase Error              (PE):    0.000ns

    Location             Delay type                Incr(ns)  Path(ns)    Netlist Resource(s)
  -------------------------------------------------------------------    -------------------
                         (clock sys_clk_pin rise edge)
                                                      0.000     0.000 r  
    E3                                                0.000     0.000 r  clk (IN)
                         net (fo=0)                   0.000     0.000    clk
    E3                   IBUF (Prop_ibuf_I_O)         0.250     0.250 r  clk_IBUF_inst/O
                         net (fo=1, routed)           0.644     0.894    clk_IBUF
    BUFGCTRL_X0Y16       BUFG (Prop_bufg_I_O)         0.026     0.920 r  clk_IBUF_BUFG_inst/O
                         net (fo=46, routed)          0.603     1.522    fifo/clk_IBUF_BUFG
    SLICE_X4Y93          FDRE                                         r  fifo/writeOut_reg[4]/C
  -------------------------------------------------------------------    -------------------
    SLICE_X4Y93          FDRE (Prop_fdre_C_Q)         0.128     1.650 r  fifo/writeOut_reg[4]/Q
                         net (fo=1, routed)           0.117     1.767    uartController/D[4]
    SLICE_X5Y93          FDRE                                         r  uartController/inputStream_reg[5]/D
  -------------------------------------------------------------------    -------------------

Slack:                    inf
  Source:                 fifo/writeOut_reg[0]/C
                            (rising edge-triggered cell FDRE clocked by sys_clk_pin  {rise@0.000ns fall@5.000ns period=10.000ns})
  Destination:            uartController/inputStream_reg[1]/D
  Path Group:             (none)
  Path Type:              Min at Fast Process Corner
  Data Path Delay:        0.250ns  (logic 0.141ns (56.457%)  route 0.109ns (43.543%))
  Logic Levels:           0  
  Clock Uncertainty:      0.025ns  ((TSJ^2 + TIJ^2)^1/2 + DJ) / 2 + PE
    Total System Jitter     (TSJ):    0.050ns
    Total Input Jitter      (TIJ):    0.000ns
    Discrete Jitter          (DJ):    0.000ns
    Phase Error              (PE):    0.000ns

    Location             Delay type                Incr(ns)  Path(ns)    Netlist Resource(s)
  -------------------------------------------------------------------    -------------------
                         (clock sys_clk_pin rise edge)
                                                      0.000     0.000 r  
    E3                                                0.000     0.000 r  clk (IN)
                         net (fo=0)                   0.000     0.000    clk
    E3                   IBUF (Prop_ibuf_I_O)         0.250     0.250 r  clk_IBUF_inst/O
                         net (fo=1, routed)           0.644     0.894    clk_IBUF
    BUFGCTRL_X0Y16       BUFG (Prop_bufg_I_O)         0.026     0.920 r  clk_IBUF_BUFG_inst/O
                         net (fo=46, routed)          0.603     1.522    fifo/clk_IBUF_BUFG
    SLICE_X4Y93          FDRE                                         r  fifo/writeOut_reg[0]/C
  -------------------------------------------------------------------    -------------------
    SLICE_X4Y93          FDRE (Prop_fdre_C_Q)         0.141     1.663 r  fifo/writeOut_reg[0]/Q
                         net (fo=1, routed)           0.109     1.772    uartController/D[0]
    SLICE_X5Y93          FDRE                                         r  uartController/inputStream_reg[1]/D
  -------------------------------------------------------------------    -------------------

Slack:                    inf
  Source:                 fifo/writeOut_reg[5]/C
                            (rising edge-triggered cell FDRE clocked by sys_clk_pin  {rise@0.000ns fall@5.000ns period=10.000ns})
  Destination:            uartController/inputStream_reg[6]/D
  Path Group:             (none)
  Path Type:              Min at Fast Process Corner
  Data Path Delay:        0.252ns  (logic 0.128ns (50.775%)  route 0.124ns (49.225%))
  Logic Levels:           0  
  Clock Uncertainty:      0.025ns  ((TSJ^2 + TIJ^2)^1/2 + DJ) / 2 + PE
    Total System Jitter     (TSJ):    0.050ns
    Total Input Jitter      (TIJ):    0.000ns
    Discrete Jitter          (DJ):    0.000ns
    Phase Error              (PE):    0.000ns

    Location             Delay type                Incr(ns)  Path(ns)    Netlist Resource(s)
  -------------------------------------------------------------------    -------------------
                         (clock sys_clk_pin rise edge)
                                                      0.000     0.000 r  
    E3                                                0.000     0.000 r  clk (IN)
                         net (fo=0)                   0.000     0.000    clk
    E3                   IBUF (Prop_ibuf_I_O)         0.250     0.250 r  clk_IBUF_inst/O
                         net (fo=1, routed)           0.644     0.894    clk_IBUF
    BUFGCTRL_X0Y16       BUFG (Prop_bufg_I_O)         0.026     0.920 r  clk_IBUF_BUFG_inst/O
                         net (fo=46, routed)          0.603     1.522    fifo/clk_IBUF_BUFG
    SLICE_X4Y93          FDRE                                         r  fifo/writeOut_reg[5]/C
  -------------------------------------------------------------------    -------------------
    SLICE_X4Y93          FDRE (Prop_fdre_C_Q)         0.128     1.650 r  fifo/writeOut_reg[5]/Q
                         net (fo=1, routed)           0.124     1.774    uartController/D[5]
    SLICE_X5Y93          FDRE                                         r  uartController/inputStream_reg[6]/D
  -------------------------------------------------------------------    -------------------

Slack:                    inf
  Source:                 fifo/writeOut_reg[6]/C
                            (rising edge-triggered cell FDRE clocked by sys_clk_pin  {rise@0.000ns fall@5.000ns period=10.000ns})
  Destination:            uartController/inputStream_reg[7]/D
  Path Group:             (none)
  Path Type:              Min at Fast Process Corner
  Data Path Delay:        0.304ns  (logic 0.128ns (42.152%)  route 0.176ns (57.848%))
  Logic Levels:           0  
  Clock Uncertainty:      0.025ns  ((TSJ^2 + TIJ^2)^1/2 + DJ) / 2 + PE
    Total System Jitter     (TSJ):    0.050ns
    Total Input Jitter      (TIJ):    0.000ns
    Discrete Jitter          (DJ):    0.000ns
    Phase Error              (PE):    0.000ns

    Location             Delay type                Incr(ns)  Path(ns)    Netlist Resource(s)
  -------------------------------------------------------------------    -------------------
                         (clock sys_clk_pin rise edge)
                                                      0.000     0.000 r  
    E3                                                0.000     0.000 r  clk (IN)
                         net (fo=0)                   0.000     0.000    clk
    E3                   IBUF (Prop_ibuf_I_O)         0.250     0.250 r  clk_IBUF_inst/O
                         net (fo=1, routed)           0.644     0.894    clk_IBUF
    BUFGCTRL_X0Y16       BUFG (Prop_bufg_I_O)         0.026     0.920 r  clk_IBUF_BUFG_inst/O
                         net (fo=46, routed)          0.603     1.522    fifo/clk_IBUF_BUFG
    SLICE_X4Y93          FDRE                                         r  fifo/writeOut_reg[6]/C
  -------------------------------------------------------------------    -------------------
    SLICE_X4Y93          FDRE (Prop_fdre_C_Q)         0.128     1.650 r  fifo/writeOut_reg[6]/Q
                         net (fo=1, routed)           0.176     1.826    uartController/D[6]
    SLICE_X5Y93          FDRE                                         r  uartController/inputStream_reg[7]/D
  -------------------------------------------------------------------    -------------------

Slack:                    inf
  Source:                 fifo/writeOut_reg[2]/C
                            (rising edge-triggered cell FDRE clocked by sys_clk_pin  {rise@0.000ns fall@5.000ns period=10.000ns})
  Destination:            uartController/inputStream_reg[3]/D
  Path Group:             (none)
  Path Type:              Min at Fast Process Corner
  Data Path Delay:        0.335ns  (logic 0.141ns (42.085%)  route 0.194ns (57.915%))
  Logic Levels:           0  
  Clock Uncertainty:      0.025ns  ((TSJ^2 + TIJ^2)^1/2 + DJ) / 2 + PE
    Total System Jitter     (TSJ):    0.050ns
    Total Input Jitter      (TIJ):    0.000ns
    Discrete Jitter          (DJ):    0.000ns
    Phase Error              (PE):    0.000ns

    Location             Delay type                Incr(ns)  Path(ns)    Netlist Resource(s)
  -------------------------------------------------------------------    -------------------
                         (clock sys_clk_pin rise edge)
                                                      0.000     0.000 r  
    E3                                                0.000     0.000 r  clk (IN)
                         net (fo=0)                   0.000     0.000    clk
    E3                   IBUF (Prop_ibuf_I_O)         0.250     0.250 r  clk_IBUF_inst/O
                         net (fo=1, routed)           0.644     0.894    clk_IBUF
    BUFGCTRL_X0Y16       BUFG (Prop_bufg_I_O)         0.026     0.920 r  clk_IBUF_BUFG_inst/O
                         net (fo=46, routed)          0.603     1.522    fifo/clk_IBUF_BUFG
    SLICE_X4Y93          FDRE                                         r  fifo/writeOut_reg[2]/C
  -------------------------------------------------------------------    -------------------
    SLICE_X4Y93          FDRE (Prop_fdre_C_Q)         0.141     1.663 r  fifo/writeOut_reg[2]/Q
                         net (fo=1, routed)           0.194     1.857    uartController/D[2]
    SLICE_X5Y93          FDRE                                         r  uartController/inputStream_reg[3]/D
  -------------------------------------------------------------------    -------------------

Slack:                    inf
  Source:                 fifo/writeOut_reg[1]/C
                            (rising edge-triggered cell FDRE clocked by sys_clk_pin  {rise@0.000ns fall@5.000ns period=10.000ns})
  Destination:            uartController/inputStream_reg[2]/D
  Path Group:             (none)
  Path Type:              Min at Fast Process Corner
  Data Path Delay:        0.369ns  (logic 0.141ns (38.247%)  route 0.228ns (61.753%))
  Logic Levels:           0  
  Clock Uncertainty:      0.025ns  ((TSJ^2 + TIJ^2)^1/2 + DJ) / 2 + PE
    Total System Jitter     (TSJ):    0.050ns
    Total Input Jitter      (TIJ):    0.000ns
    Discrete Jitter          (DJ):    0.000ns
    Phase Error              (PE):    0.000ns

    Location             Delay type                Incr(ns)  Path(ns)    Netlist Resource(s)
  -------------------------------------------------------------------    -------------------
                         (clock sys_clk_pin rise edge)
                                                      0.000     0.000 r  
    E3                                                0.000     0.000 r  clk (IN)
                         net (fo=0)                   0.000     0.000    clk
    E3                   IBUF (Prop_ibuf_I_O)         0.250     0.250 r  clk_IBUF_inst/O
                         net (fo=1, routed)           0.644     0.894    clk_IBUF
    BUFGCTRL_X0Y16       BUFG (Prop_bufg_I_O)         0.026     0.920 r  clk_IBUF_BUFG_inst/O
                         net (fo=46, routed)          0.603     1.522    fifo/clk_IBUF_BUFG
    SLICE_X4Y93          FDRE                                         r  fifo/writeOut_reg[1]/C
  -------------------------------------------------------------------    -------------------
    SLICE_X4Y93          FDRE (Prop_fdre_C_Q)         0.141     1.663 r  fifo/writeOut_reg[1]/Q
                         net (fo=1, routed)           0.228     1.891    uartController/D[1]
    SLICE_X5Y93          FDRE                                         r  uartController/inputStream_reg[2]/D
  -------------------------------------------------------------------    -------------------

Slack:                    inf
  Source:                 fifo/writeOut_reg[3]/C
                            (rising edge-triggered cell FDRE clocked by sys_clk_pin  {rise@0.000ns fall@5.000ns period=10.000ns})
  Destination:            uartController/inputStream_reg[4]/D
  Path Group:             (none)
  Path Type:              Min at Fast Process Corner
  Data Path Delay:        0.371ns  (logic 0.141ns (38.021%)  route 0.230ns (61.979%))
  Logic Levels:           0  
  Clock Uncertainty:      0.025ns  ((TSJ^2 + TIJ^2)^1/2 + DJ) / 2 + PE
    Total System Jitter     (TSJ):    0.050ns
    Total Input Jitter      (TIJ):    0.000ns
    Discrete Jitter          (DJ):    0.000ns
    Phase Error              (PE):    0.000ns

    Location             Delay type                Incr(ns)  Path(ns)    Netlist Resource(s)
  -------------------------------------------------------------------    -------------------
                         (clock sys_clk_pin rise edge)
                                                      0.000     0.000 r  
    E3                                                0.000     0.000 r  clk (IN)
                         net (fo=0)                   0.000     0.000    clk
    E3                   IBUF (Prop_ibuf_I_O)         0.250     0.250 r  clk_IBUF_inst/O
                         net (fo=1, routed)           0.644     0.894    clk_IBUF
    BUFGCTRL_X0Y16       BUFG (Prop_bufg_I_O)         0.026     0.920 r  clk_IBUF_BUFG_inst/O
                         net (fo=46, routed)          0.603     1.522    fifo/clk_IBUF_BUFG
    SLICE_X4Y93          FDRE                                         r  fifo/writeOut_reg[3]/C
  -------------------------------------------------------------------    -------------------
    SLICE_X4Y93          FDRE (Prop_fdre_C_Q)         0.141     1.663 r  fifo/writeOut_reg[3]/Q
                         net (fo=1, routed)           0.230     1.893    uartController/D[3]
    SLICE_X5Y93          FDRE                                         r  uartController/inputStream_reg[4]/D
  -------------------------------------------------------------------    -------------------

Slack:                    inf
  Source:                 fifo/writeFinished_reg/C
                            (rising edge-triggered cell FDRE clocked by sys_clk_pin  {rise@0.000ns fall@5.000ns period=10.000ns})
  Destination:            uartController/counter_reg[2]/D
  Path Group:             (none)
  Path Type:              Min at Fast Process Corner
  Data Path Delay:        0.549ns  (logic 0.227ns (41.364%)  route 0.322ns (58.636%))
  Logic Levels:           1  (LUT6=1)
  Clock Uncertainty:      0.025ns  ((TSJ^2 + TIJ^2)^1/2 + DJ) / 2 + PE
    Total System Jitter     (TSJ):    0.050ns
    Total Input Jitter      (TIJ):    0.000ns
    Discrete Jitter          (DJ):    0.000ns
    Phase Error              (PE):    0.000ns

    Location             Delay type                Incr(ns)  Path(ns)    Netlist Resource(s)
  -------------------------------------------------------------------    -------------------
                         (clock sys_clk_pin rise edge)
                                                      0.000     0.000 r  
    E3                                                0.000     0.000 r  clk (IN)
                         net (fo=0)                   0.000     0.000    clk
    E3                   IBUF (Prop_ibuf_I_O)         0.250     0.250 r  clk_IBUF_inst/O
                         net (fo=1, routed)           0.644     0.894    clk_IBUF
    BUFGCTRL_X0Y16       BUFG (Prop_bufg_I_O)         0.026     0.920 r  clk_IBUF_BUFG_inst/O
                         net (fo=46, routed)          0.604     1.523    fifo/clk_IBUF_BUFG
    SLICE_X3Y93          FDRE                                         r  fifo/writeFinished_reg/C
  -------------------------------------------------------------------    -------------------
    SLICE_X3Y93          FDRE (Prop_fdre_C_Q)         0.128     1.651 f  fifo/writeFinished_reg/Q
                         net (fo=8, routed)           0.322     1.973    uartController/writeFinished
    SLICE_X3Y92          LUT6 (Prop_lut6_I0_O)        0.099     2.072 r  uartController/counter[2]_i_1/O
                         net (fo=1, routed)           0.000     2.072    uartController/counter[2]_i_1_n_0
    SLICE_X3Y92          FDRE                                         r  uartController/counter_reg[2]/D
  -------------------------------------------------------------------    -------------------

Slack:                    inf
  Source:                 fifo/writeFinished_reg/C
                            (rising edge-triggered cell FDRE clocked by sys_clk_pin  {rise@0.000ns fall@5.000ns period=10.000ns})
  Destination:            uartController/stateNext_reg/D
  Path Group:             (none)
  Path Type:              Min at Fast Process Corner
  Data Path Delay:        0.551ns  (logic 0.227ns (41.213%)  route 0.324ns (58.787%))
  Logic Levels:           1  (LUT5=1)
  Clock Uncertainty:      0.025ns  ((TSJ^2 + TIJ^2)^1/2 + DJ) / 2 + PE
    Total System Jitter     (TSJ):    0.050ns
    Total Input Jitter      (TIJ):    0.000ns
    Discrete Jitter          (DJ):    0.000ns
    Phase Error              (PE):    0.000ns

    Location             Delay type                Incr(ns)  Path(ns)    Netlist Resource(s)
  -------------------------------------------------------------------    -------------------
                         (clock sys_clk_pin rise edge)
                                                      0.000     0.000 r  
    E3                                                0.000     0.000 r  clk (IN)
                         net (fo=0)                   0.000     0.000    clk
    E3                   IBUF (Prop_ibuf_I_O)         0.250     0.250 r  clk_IBUF_inst/O
                         net (fo=1, routed)           0.644     0.894    clk_IBUF
    BUFGCTRL_X0Y16       BUFG (Prop_bufg_I_O)         0.026     0.920 r  clk_IBUF_BUFG_inst/O
                         net (fo=46, routed)          0.604     1.523    fifo/clk_IBUF_BUFG
    SLICE_X3Y93          FDRE                                         r  fifo/writeFinished_reg/C
  -------------------------------------------------------------------    -------------------
    SLICE_X3Y93          FDRE (Prop_fdre_C_Q)         0.128     1.651 r  fifo/writeFinished_reg/Q
                         net (fo=8, routed)           0.324     1.975    uartController/writeFinished
    SLICE_X3Y92          LUT5 (Prop_lut5_I4_O)        0.099     2.074 r  uartController/stateNext_i_1/O
                         net (fo=1, routed)           0.000     2.074    uartController/stateNext_i_1_n_0
    SLICE_X3Y92          FDRE                                         r  uartController/stateNext_reg/D
  -------------------------------------------------------------------    -------------------

Slack:                    inf
  Source:                 fifo/writeFinished_reg/C
                            (rising edge-triggered cell FDRE clocked by sys_clk_pin  {rise@0.000ns fall@5.000ns period=10.000ns})
  Destination:            uartController/inputStream_reg[1]/CE
  Path Group:             (none)
  Path Type:              Min at Fast Process Corner
  Data Path Delay:        0.582ns  (logic 0.230ns (39.536%)  route 0.352ns (60.464%))
  Logic Levels:           1  (LUT2=1)
  Clock Uncertainty:      0.025ns  ((TSJ^2 + TIJ^2)^1/2 + DJ) / 2 + PE
    Total System Jitter     (TSJ):    0.050ns
    Total Input Jitter      (TIJ):    0.000ns
    Discrete Jitter          (DJ):    0.000ns
    Phase Error              (PE):    0.000ns

    Location             Delay type                Incr(ns)  Path(ns)    Netlist Resource(s)
  -------------------------------------------------------------------    -------------------
                         (clock sys_clk_pin rise edge)
                                                      0.000     0.000 r  
    E3                                                0.000     0.000 r  clk (IN)
                         net (fo=0)                   0.000     0.000    clk
    E3                   IBUF (Prop_ibuf_I_O)         0.250     0.250 r  clk_IBUF_inst/O
                         net (fo=1, routed)           0.644     0.894    clk_IBUF
    BUFGCTRL_X0Y16       BUFG (Prop_bufg_I_O)         0.026     0.920 r  clk_IBUF_BUFG_inst/O
                         net (fo=46, routed)          0.604     1.523    fifo/clk_IBUF_BUFG
    SLICE_X3Y93          FDRE                                         r  fifo/writeFinished_reg/C
  -------------------------------------------------------------------    -------------------
    SLICE_X3Y93          FDRE (Prop_fdre_C_Q)         0.128     1.651 r  fifo/writeFinished_reg/Q
                         net (fo=8, routed)           0.223     1.874    fifo/writeFinished
    SLICE_X2Y92          LUT2 (Prop_lut2_I0_O)        0.102     1.976 r  fifo/inputStream[7]_i_1/O
                         net (fo=11, routed)          0.129     2.105    uartController/E[0]
    SLICE_X5Y93          FDRE                                         r  uartController/inputStream_reg[1]/CE
  -------------------------------------------------------------------    -------------------





--------------------------------------------------------------------------------------
Path Group:  (none)
From Clock:  
  To Clock:  sys_clk_pin

Max Delay            20 Endpoints
Min Delay            20 Endpoints
--------------------------------------------------------------------------------------


Max Delay Paths
--------------------------------------------------------------------------------------
Slack:                    inf
  Source:                 rst
                            (input port)
  Destination:            bd/counter_reg[2]/D
                            (rising edge-triggered cell FDRE clocked by sys_clk_pin  {rise@0.000ns fall@5.000ns period=10.000ns})
  Path Group:             (none)
  Path Type:              Setup (Max at Slow Process Corner)
  Data Path Delay:        5.414ns  (logic 1.875ns (34.625%)  route 3.539ns (65.375%))
  Logic Levels:           4  (IBUF=1 LUT4=1 LUT5=2)
  Clock Path Skew:        5.025ns (DCD - SCD + CPR)
    Destination Clock Delay (DCD):    5.025ns
    Source Clock Delay      (SCD):    0.000ns
    Clock Pessimism Removal (CPR):    0.000ns
  Clock Uncertainty:      0.025ns  ((TSJ^2 + TIJ^2)^1/2 + DJ) / 2 + PE
    Total System Jitter     (TSJ):    0.050ns
    Total Input Jitter      (TIJ):    0.000ns
    Discrete Jitter          (DJ):    0.000ns
    Phase Error              (PE):    0.000ns

    Location             Delay type                Incr(ns)  Path(ns)    Netlist Resource(s)
  -------------------------------------------------------------------    -------------------
    N17                                               0.000     0.000 r  rst (IN)
                         net (fo=0)                   0.000     0.000    rst
    N17                  IBUF (Prop_ibuf_I_O)         1.477     1.477 r  rst_IBUF_inst/O
                         net (fo=16, routed)          1.963     3.440    bd/rst_IBUF
    SLICE_X4Y93          LUT4 (Prop_lut4_I2_O)        0.124     3.564 r  bd/counter[9]_i_5/O
                         net (fo=1, routed)           0.811     4.375    bd/counter[9]_i_5_n_0
    SLICE_X4Y92          LUT5 (Prop_lut5_I3_O)        0.124     4.499 r  bd/counter[9]_i_4/O
                         net (fo=10, routed)          0.765     5.264    bd/counter[9]_i_4_n_0
    SLICE_X6Y92          LUT5 (Prop_lut5_I4_O)        0.150     5.414 r  bd/counter[2]_i_1/O
                         net (fo=1, routed)           0.000     5.414    bd/counter[2]
    SLICE_X6Y92          FDRE                                         r  bd/counter_reg[2]/D
  -------------------------------------------------------------------    -------------------

                         (clock sys_clk_pin rise edge)
                                                      0.000     0.000 r  
    E3                                                0.000     0.000 r  clk (IN)
                         net (fo=0)                   0.000     0.000    clk
    E3                   IBUF (Prop_ibuf_I_O)         1.411     1.411 r  clk_IBUF_inst/O
                         net (fo=1, routed)           1.920     3.331    clk_IBUF
    BUFGCTRL_X0Y16       BUFG (Prop_bufg_I_O)         0.091     3.422 r  clk_IBUF_BUFG_inst/O
                         net (fo=46, routed)          1.602     5.025    bd/clk_IBUF_BUFG
    SLICE_X6Y92          FDRE                                         r  bd/counter_reg[2]/C

Slack:                    inf
  Source:                 rst
                            (input port)
  Destination:            bd/counter_reg[1]/D
                            (rising edge-triggered cell FDRE clocked by sys_clk_pin  {rise@0.000ns fall@5.000ns period=10.000ns})
  Path Group:             (none)
  Path Type:              Setup (Max at Slow Process Corner)
  Data Path Delay:        5.388ns  (logic 1.849ns (34.309%)  route 3.539ns (65.691%))
  Logic Levels:           4  (IBUF=1 LUT4=2 LUT5=1)
  Clock Path Skew:        5.025ns (DCD - SCD + CPR)
    Destination Clock Delay (DCD):    5.025ns
    Source Clock Delay      (SCD):    0.000ns
    Clock Pessimism Removal (CPR):    0.000ns
  Clock Uncertainty:      0.025ns  ((TSJ^2 + TIJ^2)^1/2 + DJ) / 2 + PE
    Total System Jitter     (TSJ):    0.050ns
    Total Input Jitter      (TIJ):    0.000ns
    Discrete Jitter          (DJ):    0.000ns
    Phase Error              (PE):    0.000ns

    Location             Delay type                Incr(ns)  Path(ns)    Netlist Resource(s)
  -------------------------------------------------------------------    -------------------
    N17                                               0.000     0.000 r  rst (IN)
                         net (fo=0)                   0.000     0.000    rst
    N17                  IBUF (Prop_ibuf_I_O)         1.477     1.477 r  rst_IBUF_inst/O
                         net (fo=16, routed)          1.963     3.440    bd/rst_IBUF
    SLICE_X4Y93          LUT4 (Prop_lut4_I2_O)        0.124     3.564 r  bd/counter[9]_i_5/O
                         net (fo=1, routed)           0.811     4.375    bd/counter[9]_i_5_n_0
    SLICE_X4Y92          LUT5 (Prop_lut5_I3_O)        0.124     4.499 r  bd/counter[9]_i_4/O
                         net (fo=10, routed)          0.765     5.264    bd/counter[9]_i_4_n_0
    SLICE_X6Y92          LUT4 (Prop_lut4_I3_O)        0.124     5.388 r  bd/counter[1]_i_1/O
                         net (fo=1, routed)           0.000     5.388    bd/counter[1]
    SLICE_X6Y92          FDRE                                         r  bd/counter_reg[1]/D
  -------------------------------------------------------------------    -------------------

                         (clock sys_clk_pin rise edge)
                                                      0.000     0.000 r  
    E3                                                0.000     0.000 r  clk (IN)
                         net (fo=0)                   0.000     0.000    clk
    E3                   IBUF (Prop_ibuf_I_O)         1.411     1.411 r  clk_IBUF_inst/O
                         net (fo=1, routed)           1.920     3.331    clk_IBUF
    BUFGCTRL_X0Y16       BUFG (Prop_bufg_I_O)         0.091     3.422 r  clk_IBUF_BUFG_inst/O
                         net (fo=46, routed)          1.602     5.025    bd/clk_IBUF_BUFG
    SLICE_X6Y92          FDRE                                         r  bd/counter_reg[1]/C

Slack:                    inf
  Source:                 rst
                            (input port)
  Destination:            bd/counter_reg[8]/D
                            (rising edge-triggered cell FDRE clocked by sys_clk_pin  {rise@0.000ns fall@5.000ns period=10.000ns})
  Path Group:             (none)
  Path Type:              Setup (Max at Slow Process Corner)
  Data Path Delay:        5.232ns  (logic 1.849ns (35.334%)  route 3.383ns (64.666%))
  Logic Levels:           4  (IBUF=1 LUT4=2 LUT5=1)
  Clock Path Skew:        5.025ns (DCD - SCD + CPR)
    Destination Clock Delay (DCD):    5.025ns
    Source Clock Delay      (SCD):    0.000ns
    Clock Pessimism Removal (CPR):    0.000ns
  Clock Uncertainty:      0.025ns  ((TSJ^2 + TIJ^2)^1/2 + DJ) / 2 + PE
    Total System Jitter     (TSJ):    0.050ns
    Total Input Jitter      (TIJ):    0.000ns
    Discrete Jitter          (DJ):    0.000ns
    Phase Error              (PE):    0.000ns

    Location             Delay type                Incr(ns)  Path(ns)    Netlist Resource(s)
  -------------------------------------------------------------------    -------------------
    N17                                               0.000     0.000 r  rst (IN)
                         net (fo=0)                   0.000     0.000    rst
    N17                  IBUF (Prop_ibuf_I_O)         1.477     1.477 r  rst_IBUF_inst/O
                         net (fo=16, routed)          1.963     3.440    bd/rst_IBUF
    SLICE_X4Y93          LUT4 (Prop_lut4_I2_O)        0.124     3.564 r  bd/counter[9]_i_5/O
                         net (fo=1, routed)           0.811     4.375    bd/counter[9]_i_5_n_0
    SLICE_X4Y92          LUT5 (Prop_lut5_I3_O)        0.124     4.499 r  bd/counter[9]_i_4/O
                         net (fo=10, routed)          0.609     5.108    bd/counter[9]_i_4_n_0
    SLICE_X4Y91          LUT4 (Prop_lut4_I3_O)        0.124     5.232 r  bd/counter[8]_i_1/O
                         net (fo=1, routed)           0.000     5.232    bd/counter[8]
    SLICE_X4Y91          FDRE                                         r  bd/counter_reg[8]/D
  -------------------------------------------------------------------    -------------------

                         (clock sys_clk_pin rise edge)
                                                      0.000     0.000 r  
    E3                                                0.000     0.000 r  clk (IN)
                         net (fo=0)                   0.000     0.000    clk
    E3                   IBUF (Prop_ibuf_I_O)         1.411     1.411 r  clk_IBUF_inst/O
                         net (fo=1, routed)           1.920     3.331    clk_IBUF
    BUFGCTRL_X0Y16       BUFG (Prop_bufg_I_O)         0.091     3.422 r  clk_IBUF_BUFG_inst/O
                         net (fo=46, routed)          1.602     5.025    bd/clk_IBUF_BUFG
    SLICE_X4Y91          FDRE                                         r  bd/counter_reg[8]/C

Slack:                    inf
  Source:                 rst
                            (input port)
  Destination:            bd/counter_reg[0]/D
                            (rising edge-triggered cell FDRE clocked by sys_clk_pin  {rise@0.000ns fall@5.000ns period=10.000ns})
  Path Group:             (none)
  Path Type:              Setup (Max at Slow Process Corner)
  Data Path Delay:        5.228ns  (logic 1.849ns (35.361%)  route 3.379ns (64.639%))
  Logic Levels:           4  (IBUF=1 LUT3=1 LUT4=1 LUT5=1)
  Clock Path Skew:        5.025ns (DCD - SCD + CPR)
    Destination Clock Delay (DCD):    5.025ns
    Source Clock Delay      (SCD):    0.000ns
    Clock Pessimism Removal (CPR):    0.000ns
  Clock Uncertainty:      0.025ns  ((TSJ^2 + TIJ^2)^1/2 + DJ) / 2 + PE
    Total System Jitter     (TSJ):    0.050ns
    Total Input Jitter      (TIJ):    0.000ns
    Discrete Jitter          (DJ):    0.000ns
    Phase Error              (PE):    0.000ns

    Location             Delay type                Incr(ns)  Path(ns)    Netlist Resource(s)
  -------------------------------------------------------------------    -------------------
    N17                                               0.000     0.000 r  rst (IN)
                         net (fo=0)                   0.000     0.000    rst
    N17                  IBUF (Prop_ibuf_I_O)         1.477     1.477 r  rst_IBUF_inst/O
                         net (fo=16, routed)          1.963     3.440    bd/rst_IBUF
    SLICE_X4Y93          LUT4 (Prop_lut4_I2_O)        0.124     3.564 r  bd/counter[9]_i_5/O
                         net (fo=1, routed)           0.811     4.375    bd/counter[9]_i_5_n_0
    SLICE_X4Y92          LUT5 (Prop_lut5_I3_O)        0.124     4.499 r  bd/counter[9]_i_4/O
                         net (fo=10, routed)          0.605     5.104    bd/counter[9]_i_4_n_0
    SLICE_X4Y91          LUT3 (Prop_lut3_I2_O)        0.124     5.228 r  bd/counter[0]_i_1/O
                         net (fo=1, routed)           0.000     5.228    bd/counter[0]
    SLICE_X4Y91          FDRE                                         r  bd/counter_reg[0]/D
  -------------------------------------------------------------------    -------------------

                         (clock sys_clk_pin rise edge)
                                                      0.000     0.000 r  
    E3                                                0.000     0.000 r  clk (IN)
                         net (fo=0)                   0.000     0.000    clk
    E3                   IBUF (Prop_ibuf_I_O)         1.411     1.411 r  clk_IBUF_inst/O
                         net (fo=1, routed)           1.920     3.331    clk_IBUF
    BUFGCTRL_X0Y16       BUFG (Prop_bufg_I_O)         0.091     3.422 r  clk_IBUF_BUFG_inst/O
                         net (fo=46, routed)          1.602     5.025    bd/clk_IBUF_BUFG
    SLICE_X4Y91          FDRE                                         r  bd/counter_reg[0]/C

Slack:                    inf
  Source:                 rst
                            (input port)
  Destination:            bd/counter_reg[9]/D
                            (rising edge-triggered cell FDRE clocked by sys_clk_pin  {rise@0.000ns fall@5.000ns period=10.000ns})
  Path Group:             (none)
  Path Type:              Setup (Max at Slow Process Corner)
  Data Path Delay:        5.227ns  (logic 1.844ns (35.272%)  route 3.383ns (64.728%))
  Logic Levels:           4  (IBUF=1 LUT4=1 LUT5=2)
  Clock Path Skew:        5.025ns (DCD - SCD + CPR)
    Destination Clock Delay (DCD):    5.025ns
    Source Clock Delay      (SCD):    0.000ns
    Clock Pessimism Removal (CPR):    0.000ns
  Clock Uncertainty:      0.025ns  ((TSJ^2 + TIJ^2)^1/2 + DJ) / 2 + PE
    Total System Jitter     (TSJ):    0.050ns
    Total Input Jitter      (TIJ):    0.000ns
    Discrete Jitter          (DJ):    0.000ns
    Phase Error              (PE):    0.000ns

    Location             Delay type                Incr(ns)  Path(ns)    Netlist Resource(s)
  -------------------------------------------------------------------    -------------------
    N17                                               0.000     0.000 r  rst (IN)
                         net (fo=0)                   0.000     0.000    rst
    N17                  IBUF (Prop_ibuf_I_O)         1.477     1.477 r  rst_IBUF_inst/O
                         net (fo=16, routed)          1.963     3.440    bd/rst_IBUF
    SLICE_X4Y93          LUT4 (Prop_lut4_I2_O)        0.124     3.564 r  bd/counter[9]_i_5/O
                         net (fo=1, routed)           0.811     4.375    bd/counter[9]_i_5_n_0
    SLICE_X4Y92          LUT5 (Prop_lut5_I3_O)        0.124     4.499 r  bd/counter[9]_i_4/O
                         net (fo=10, routed)          0.609     5.108    bd/counter[9]_i_4_n_0
    SLICE_X4Y91          LUT5 (Prop_lut5_I4_O)        0.119     5.227 r  bd/counter[9]_i_2/O
                         net (fo=1, routed)           0.000     5.227    bd/counter[9]
    SLICE_X4Y91          FDRE                                         r  bd/counter_reg[9]/D
  -------------------------------------------------------------------    -------------------

                         (clock sys_clk_pin rise edge)
                                                      0.000     0.000 r  
    E3                                                0.000     0.000 r  clk (IN)
                         net (fo=0)                   0.000     0.000    clk
    E3                   IBUF (Prop_ibuf_I_O)         1.411     1.411 r  clk_IBUF_inst/O
                         net (fo=1, routed)           1.920     3.331    clk_IBUF
    BUFGCTRL_X0Y16       BUFG (Prop_bufg_I_O)         0.091     3.422 r  clk_IBUF_BUFG_inst/O
                         net (fo=46, routed)          1.602     5.025    bd/clk_IBUF_BUFG
    SLICE_X4Y91          FDRE                                         r  bd/counter_reg[9]/C

Slack:                    inf
  Source:                 rst
                            (input port)
  Destination:            bd/counter_reg[4]/D
                            (rising edge-triggered cell FDRE clocked by sys_clk_pin  {rise@0.000ns fall@5.000ns period=10.000ns})
  Path Group:             (none)
  Path Type:              Setup (Max at Slow Process Corner)
  Data Path Delay:        5.222ns  (logic 1.843ns (35.286%)  route 3.379ns (64.714%))
  Logic Levels:           4  (IBUF=1 LUT4=2 LUT5=1)
  Clock Path Skew:        5.025ns (DCD - SCD + CPR)
    Destination Clock Delay (DCD):    5.025ns
    Source Clock Delay      (SCD):    0.000ns
    Clock Pessimism Removal (CPR):    0.000ns
  Clock Uncertainty:      0.025ns  ((TSJ^2 + TIJ^2)^1/2 + DJ) / 2 + PE
    Total System Jitter     (TSJ):    0.050ns
    Total Input Jitter      (TIJ):    0.000ns
    Discrete Jitter          (DJ):    0.000ns
    Phase Error              (PE):    0.000ns

    Location             Delay type                Incr(ns)  Path(ns)    Netlist Resource(s)
  -------------------------------------------------------------------    -------------------
    N17                                               0.000     0.000 r  rst (IN)
                         net (fo=0)                   0.000     0.000    rst
    N17                  IBUF (Prop_ibuf_I_O)         1.477     1.477 r  rst_IBUF_inst/O
                         net (fo=16, routed)          1.963     3.440    bd/rst_IBUF
    SLICE_X4Y93          LUT4 (Prop_lut4_I2_O)        0.124     3.564 r  bd/counter[9]_i_5/O
                         net (fo=1, routed)           0.811     4.375    bd/counter[9]_i_5_n_0
    SLICE_X4Y92          LUT5 (Prop_lut5_I3_O)        0.124     4.499 r  bd/counter[9]_i_4/O
                         net (fo=10, routed)          0.605     5.104    bd/counter[9]_i_4_n_0
    SLICE_X4Y91          LUT4 (Prop_lut4_I3_O)        0.118     5.222 r  bd/counter[4]_i_1/O
                         net (fo=1, routed)           0.000     5.222    bd/counter[4]
    SLICE_X4Y91          FDRE                                         r  bd/counter_reg[4]/D
  -------------------------------------------------------------------    -------------------

                         (clock sys_clk_pin rise edge)
                                                      0.000     0.000 r  
    E3                                                0.000     0.000 r  clk (IN)
                         net (fo=0)                   0.000     0.000    clk
    E3                   IBUF (Prop_ibuf_I_O)         1.411     1.411 r  clk_IBUF_inst/O
                         net (fo=1, routed)           1.920     3.331    clk_IBUF
    BUFGCTRL_X0Y16       BUFG (Prop_bufg_I_O)         0.091     3.422 r  clk_IBUF_BUFG_inst/O
                         net (fo=46, routed)          1.602     5.025    bd/clk_IBUF_BUFG
    SLICE_X4Y91          FDRE                                         r  bd/counter_reg[4]/C

Slack:                    inf
  Source:                 rst
                            (input port)
  Destination:            bd/counter_reg[7]/D
                            (rising edge-triggered cell FDRE clocked by sys_clk_pin  {rise@0.000ns fall@5.000ns period=10.000ns})
  Path Group:             (none)
  Path Type:              Setup (Max at Slow Process Corner)
  Data Path Delay:        5.068ns  (logic 1.849ns (36.476%)  route 3.219ns (63.524%))
  Logic Levels:           4  (IBUF=1 LUT4=1 LUT5=1 LUT6=1)
  Clock Path Skew:        5.025ns (DCD - SCD + CPR)
    Destination Clock Delay (DCD):    5.025ns
    Source Clock Delay      (SCD):    0.000ns
    Clock Pessimism Removal (CPR):    0.000ns
  Clock Uncertainty:      0.025ns  ((TSJ^2 + TIJ^2)^1/2 + DJ) / 2 + PE
    Total System Jitter     (TSJ):    0.050ns
    Total Input Jitter      (TIJ):    0.000ns
    Discrete Jitter          (DJ):    0.000ns
    Phase Error              (PE):    0.000ns

    Location             Delay type                Incr(ns)  Path(ns)    Netlist Resource(s)
  -------------------------------------------------------------------    -------------------
    N17                                               0.000     0.000 r  rst (IN)
                         net (fo=0)                   0.000     0.000    rst
    N17                  IBUF (Prop_ibuf_I_O)         1.477     1.477 r  rst_IBUF_inst/O
                         net (fo=16, routed)          1.963     3.440    bd/rst_IBUF
    SLICE_X4Y93          LUT4 (Prop_lut4_I2_O)        0.124     3.564 r  bd/counter[9]_i_5/O
                         net (fo=1, routed)           0.811     4.375    bd/counter[9]_i_5_n_0
    SLICE_X4Y92          LUT5 (Prop_lut5_I3_O)        0.124     4.499 r  bd/counter[9]_i_4/O
                         net (fo=10, routed)          0.445     4.944    bd/counter[9]_i_4_n_0
    SLICE_X5Y92          LUT6 (Prop_lut6_I5_O)        0.124     5.068 r  bd/counter[7]_i_1/O
                         net (fo=1, routed)           0.000     5.068    bd/counter[7]
    SLICE_X5Y92          FDRE                                         r  bd/counter_reg[7]/D
  -------------------------------------------------------------------    -------------------

                         (clock sys_clk_pin rise edge)
                                                      0.000     0.000 r  
    E3                                                0.000     0.000 r  clk (IN)
                         net (fo=0)                   0.000     0.000    clk
    E3                   IBUF (Prop_ibuf_I_O)         1.411     1.411 r  clk_IBUF_inst/O
                         net (fo=1, routed)           1.920     3.331    clk_IBUF
    BUFGCTRL_X0Y16       BUFG (Prop_bufg_I_O)         0.091     3.422 r  clk_IBUF_BUFG_inst/O
                         net (fo=46, routed)          1.602     5.025    bd/clk_IBUF_BUFG
    SLICE_X5Y92          FDRE                                         r  bd/counter_reg[7]/C

Slack:                    inf
  Source:                 rst
                            (input port)
  Destination:            bd/counter_reg[5]/D
                            (rising edge-triggered cell FDRE clocked by sys_clk_pin  {rise@0.000ns fall@5.000ns period=10.000ns})
  Path Group:             (none)
  Path Type:              Setup (Max at Slow Process Corner)
  Data Path Delay:        5.064ns  (logic 1.849ns (36.505%)  route 3.215ns (63.495%))
  Logic Levels:           4  (IBUF=1 LUT4=2 LUT5=1)
  Clock Path Skew:        5.025ns (DCD - SCD + CPR)
    Destination Clock Delay (DCD):    5.025ns
    Source Clock Delay      (SCD):    0.000ns
    Clock Pessimism Removal (CPR):    0.000ns
  Clock Uncertainty:      0.025ns  ((TSJ^2 + TIJ^2)^1/2 + DJ) / 2 + PE
    Total System Jitter     (TSJ):    0.050ns
    Total Input Jitter      (TIJ):    0.000ns
    Discrete Jitter          (DJ):    0.000ns
    Phase Error              (PE):    0.000ns

    Location             Delay type                Incr(ns)  Path(ns)    Netlist Resource(s)
  -------------------------------------------------------------------    -------------------
    N17                                               0.000     0.000 r  rst (IN)
                         net (fo=0)                   0.000     0.000    rst
    N17                  IBUF (Prop_ibuf_I_O)         1.477     1.477 r  rst_IBUF_inst/O
                         net (fo=16, routed)          1.963     3.440    bd/rst_IBUF
    SLICE_X4Y93          LUT4 (Prop_lut4_I2_O)        0.124     3.564 r  bd/counter[9]_i_5/O
                         net (fo=1, routed)           0.811     4.375    bd/counter[9]_i_5_n_0
    SLICE_X4Y92          LUT5 (Prop_lut5_I3_O)        0.124     4.499 r  bd/counter[9]_i_4/O
                         net (fo=10, routed)          0.441     4.940    bd/counter[9]_i_4_n_0
    SLICE_X5Y92          LUT4 (Prop_lut4_I3_O)        0.124     5.064 r  bd/counter[5]_i_1/O
                         net (fo=1, routed)           0.000     5.064    bd/counter[5]
    SLICE_X5Y92          FDRE                                         r  bd/counter_reg[5]/D
  -------------------------------------------------------------------    -------------------

                         (clock sys_clk_pin rise edge)
                                                      0.000     0.000 r  
    E3                                                0.000     0.000 r  clk (IN)
                         net (fo=0)                   0.000     0.000    clk
    E3                   IBUF (Prop_ibuf_I_O)         1.411     1.411 r  clk_IBUF_inst/O
                         net (fo=1, routed)           1.920     3.331    clk_IBUF
    BUFGCTRL_X0Y16       BUFG (Prop_bufg_I_O)         0.091     3.422 r  clk_IBUF_BUFG_inst/O
                         net (fo=46, routed)          1.602     5.025    bd/clk_IBUF_BUFG
    SLICE_X5Y92          FDRE                                         r  bd/counter_reg[5]/C

Slack:                    inf
  Source:                 rst
                            (input port)
  Destination:            bd/counter_reg[6]/D
                            (rising edge-triggered cell FDRE clocked by sys_clk_pin  {rise@0.000ns fall@5.000ns period=10.000ns})
  Path Group:             (none)
  Path Type:              Setup (Max at Slow Process Corner)
  Data Path Delay:        5.058ns  (logic 1.843ns (36.429%)  route 3.215ns (63.571%))
  Logic Levels:           4  (IBUF=1 LUT4=1 LUT5=2)
  Clock Path Skew:        5.025ns (DCD - SCD + CPR)
    Destination Clock Delay (DCD):    5.025ns
    Source Clock Delay      (SCD):    0.000ns
    Clock Pessimism Removal (CPR):    0.000ns
  Clock Uncertainty:      0.025ns  ((TSJ^2 + TIJ^2)^1/2 + DJ) / 2 + PE
    Total System Jitter     (TSJ):    0.050ns
    Total Input Jitter      (TIJ):    0.000ns
    Discrete Jitter          (DJ):    0.000ns
    Phase Error              (PE):    0.000ns

    Location             Delay type                Incr(ns)  Path(ns)    Netlist Resource(s)
  -------------------------------------------------------------------    -------------------
    N17                                               0.000     0.000 r  rst (IN)
                         net (fo=0)                   0.000     0.000    rst
    N17                  IBUF (Prop_ibuf_I_O)         1.477     1.477 r  rst_IBUF_inst/O
                         net (fo=16, routed)          1.963     3.440    bd/rst_IBUF
    SLICE_X4Y93          LUT4 (Prop_lut4_I2_O)        0.124     3.564 r  bd/counter[9]_i_5/O
                         net (fo=1, routed)           0.811     4.375    bd/counter[9]_i_5_n_0
    SLICE_X4Y92          LUT5 (Prop_lut5_I3_O)        0.124     4.499 r  bd/counter[9]_i_4/O
                         net (fo=10, routed)          0.441     4.940    bd/counter[9]_i_4_n_0
    SLICE_X5Y92          LUT5 (Prop_lut5_I4_O)        0.118     5.058 r  bd/counter[6]_i_1/O
                         net (fo=1, routed)           0.000     5.058    bd/counter[6]
    SLICE_X5Y92          FDRE                                         r  bd/counter_reg[6]/D
  -------------------------------------------------------------------    -------------------

                         (clock sys_clk_pin rise edge)
                                                      0.000     0.000 r  
    E3                                                0.000     0.000 r  clk (IN)
                         net (fo=0)                   0.000     0.000    clk
    E3                   IBUF (Prop_ibuf_I_O)         1.411     1.411 r  clk_IBUF_inst/O
                         net (fo=1, routed)           1.920     3.331    clk_IBUF
    BUFGCTRL_X0Y16       BUFG (Prop_bufg_I_O)         0.091     3.422 r  clk_IBUF_BUFG_inst/O
                         net (fo=46, routed)          1.602     5.025    bd/clk_IBUF_BUFG
    SLICE_X5Y92          FDRE                                         r  bd/counter_reg[6]/C

Slack:                    inf
  Source:                 rst
                            (input port)
  Destination:            bd/counter_reg[3]/D
                            (rising edge-triggered cell FDRE clocked by sys_clk_pin  {rise@0.000ns fall@5.000ns period=10.000ns})
  Path Group:             (none)
  Path Type:              Setup (Max at Slow Process Corner)
  Data Path Delay:        4.952ns  (logic 1.849ns (37.330%)  route 3.103ns (62.670%))
  Logic Levels:           4  (IBUF=1 LUT4=1 LUT5=1 LUT6=1)
  Clock Path Skew:        5.025ns (DCD - SCD + CPR)
    Destination Clock Delay (DCD):    5.025ns
    Source Clock Delay      (SCD):    0.000ns
    Clock Pessimism Removal (CPR):    0.000ns
  Clock Uncertainty:      0.025ns  ((TSJ^2 + TIJ^2)^1/2 + DJ) / 2 + PE
    Total System Jitter     (TSJ):    0.050ns
    Total Input Jitter      (TIJ):    0.000ns
    Discrete Jitter          (DJ):    0.000ns
    Phase Error              (PE):    0.000ns

    Location             Delay type                Incr(ns)  Path(ns)    Netlist Resource(s)
  -------------------------------------------------------------------    -------------------
    N17                                               0.000     0.000 r  rst (IN)
                         net (fo=0)                   0.000     0.000    rst
    N17                  IBUF (Prop_ibuf_I_O)         1.477     1.477 r  rst_IBUF_inst/O
                         net (fo=16, routed)          1.963     3.440    bd/rst_IBUF
    SLICE_X4Y93          LUT4 (Prop_lut4_I2_O)        0.124     3.564 r  bd/counter[9]_i_5/O
                         net (fo=1, routed)           0.811     4.375    bd/counter[9]_i_5_n_0
    SLICE_X4Y92          LUT5 (Prop_lut5_I3_O)        0.124     4.499 r  bd/counter[9]_i_4/O
                         net (fo=10, routed)          0.329     4.828    bd/counter[9]_i_4_n_0
    SLICE_X5Y92          LUT6 (Prop_lut6_I5_O)        0.124     4.952 r  bd/counter[3]_i_1/O
                         net (fo=1, routed)           0.000     4.952    bd/counter[3]
    SLICE_X5Y92          FDRE                                         r  bd/counter_reg[3]/D
  -------------------------------------------------------------------    -------------------

                         (clock sys_clk_pin rise edge)
                                                      0.000     0.000 r  
    E3                                                0.000     0.000 r  clk (IN)
                         net (fo=0)                   0.000     0.000    clk
    E3                   IBUF (Prop_ibuf_I_O)         1.411     1.411 r  clk_IBUF_inst/O
                         net (fo=1, routed)           1.920     3.331    clk_IBUF
    BUFGCTRL_X0Y16       BUFG (Prop_bufg_I_O)         0.091     3.422 r  clk_IBUF_BUFG_inst/O
                         net (fo=46, routed)          1.602     5.025    bd/clk_IBUF_BUFG
    SLICE_X5Y92          FDRE                                         r  bd/counter_reg[3]/C





Min Delay Paths
--------------------------------------------------------------------------------------
Slack:                    inf
  Source:                 uartController/txDone_reg/C
                            (rising edge-triggered cell FDRE)
  Destination:            uut/stateNext_reg[1]/D
                            (rising edge-triggered cell FDRE clocked by sys_clk_pin  {rise@0.000ns fall@5.000ns period=10.000ns})
  Path Group:             (none)
  Path Type:              Hold (Min at Fast Process Corner)
  Data Path Delay:        0.543ns  (logic 0.226ns (41.585%)  route 0.317ns (58.415%))
  Logic Levels:           2  (FDRE=1 LUT6=1)
  Clock Uncertainty:      0.025ns  ((TSJ^2 + TIJ^2)^1/2 + DJ) / 2 + PE
    Total System Jitter     (TSJ):    0.050ns
    Total Input Jitter      (TIJ):    0.000ns
    Discrete Jitter          (DJ):    0.000ns
    Phase Error              (PE):    0.000ns

    Location             Delay type                Incr(ns)  Path(ns)    Netlist Resource(s)
  -------------------------------------------------------------------    -------------------
    SLICE_X3Y92          FDRE                         0.000     0.000 r  uartController/txDone_reg/C
    SLICE_X3Y92          FDRE (Prop_fdre_C_Q)         0.128     0.128 f  uartController/txDone_reg/Q
                         net (fo=6, routed)           0.317     0.445    uut/txDone
    SLICE_X3Y93          LUT6 (Prop_lut6_I5_O)        0.098     0.543 r  uut/stateNext[1]_i_1/O
                         net (fo=1, routed)           0.000     0.543    uut/stateNext[1]_i_1_n_0
    SLICE_X3Y93          FDRE                                         r  uut/stateNext_reg[1]/D
  -------------------------------------------------------------------    -------------------

                         (clock sys_clk_pin rise edge)
                                                      0.000     0.000 r  
    E3                                                0.000     0.000 r  clk (IN)
                         net (fo=0)                   0.000     0.000    clk
    E3                   IBUF (Prop_ibuf_I_O)         0.438     0.438 r  clk_IBUF_inst/O
                         net (fo=1, routed)           0.699     1.136    clk_IBUF
    BUFGCTRL_X0Y16       BUFG (Prop_bufg_I_O)         0.029     1.165 r  clk_IBUF_BUFG_inst/O
                         net (fo=46, routed)          0.877     2.042    uut/clk_IBUF_BUFG
    SLICE_X3Y93          FDRE                                         r  uut/stateNext_reg[1]/C

Slack:                    inf
  Source:                 uartController/txDone_reg/C
                            (rising edge-triggered cell FDRE)
  Destination:            uut/stateNext_reg[2]/D
                            (rising edge-triggered cell FDRE clocked by sys_clk_pin  {rise@0.000ns fall@5.000ns period=10.000ns})
  Path Group:             (none)
  Path Type:              Hold (Min at Fast Process Corner)
  Data Path Delay:        0.639ns  (logic 0.226ns (35.382%)  route 0.413ns (64.618%))
  Logic Levels:           2  (FDRE=1 LUT5=1)
  Clock Uncertainty:      0.025ns  ((TSJ^2 + TIJ^2)^1/2 + DJ) / 2 + PE
    Total System Jitter     (TSJ):    0.050ns
    Total Input Jitter      (TIJ):    0.000ns
    Discrete Jitter          (DJ):    0.000ns
    Phase Error              (PE):    0.000ns

    Location             Delay type                Incr(ns)  Path(ns)    Netlist Resource(s)
  -------------------------------------------------------------------    -------------------
    SLICE_X3Y92          FDRE                         0.000     0.000 r  uartController/txDone_reg/C
    SLICE_X3Y92          FDRE (Prop_fdre_C_Q)         0.128     0.128 r  uartController/txDone_reg/Q
                         net (fo=6, routed)           0.236     0.364    uut/txDone
    SLICE_X2Y93          LUT5 (Prop_lut5_I4_O)        0.098     0.462 r  uut/stateNext[2]_i_1/O
                         net (fo=1, routed)           0.176     0.639    uut/stateNext[2]_i_1_n_0
    SLICE_X3Y93          FDRE                                         r  uut/stateNext_reg[2]/D
  -------------------------------------------------------------------    -------------------

                         (clock sys_clk_pin rise edge)
                                                      0.000     0.000 r  
    E3                                                0.000     0.000 r  clk (IN)
                         net (fo=0)                   0.000     0.000    clk
    E3                   IBUF (Prop_ibuf_I_O)         0.438     0.438 r  clk_IBUF_inst/O
                         net (fo=1, routed)           0.699     1.136    clk_IBUF
    BUFGCTRL_X0Y16       BUFG (Prop_bufg_I_O)         0.029     1.165 r  clk_IBUF_BUFG_inst/O
                         net (fo=46, routed)          0.877     2.042    uut/clk_IBUF_BUFG
    SLICE_X3Y93          FDRE                                         r  uut/stateNext_reg[2]/C

Slack:                    inf
  Source:                 uartController/txDone_reg/C
                            (rising edge-triggered cell FDRE)
  Destination:            uut/stateNext_reg[0]/D
                            (rising edge-triggered cell FDRE clocked by sys_clk_pin  {rise@0.000ns fall@5.000ns period=10.000ns})
  Path Group:             (none)
  Path Type:              Hold (Min at Fast Process Corner)
  Data Path Delay:        0.696ns  (logic 0.271ns (38.923%)  route 0.425ns (61.077%))
  Logic Levels:           3  (FDRE=1 LUT6=2)
  Clock Uncertainty:      0.025ns  ((TSJ^2 + TIJ^2)^1/2 + DJ) / 2 + PE
    Total System Jitter     (TSJ):    0.050ns
    Total Input Jitter      (TIJ):    0.000ns
    Discrete Jitter          (DJ):    0.000ns
    Phase Error              (PE):    0.000ns

    Location             Delay type                Incr(ns)  Path(ns)    Netlist Resource(s)
  -------------------------------------------------------------------    -------------------
    SLICE_X3Y92          FDRE                         0.000     0.000 r  uartController/txDone_reg/C
    SLICE_X3Y92          FDRE (Prop_fdre_C_Q)         0.128     0.128 r  uartController/txDone_reg/Q
                         net (fo=6, routed)           0.374     0.502    uut/txDone
    SLICE_X1Y94          LUT6 (Prop_lut6_I4_O)        0.098     0.600 r  uut/stateNext[0]_i_2/O
                         net (fo=1, routed)           0.051     0.651    uut/stateNext[0]_i_2_n_0
    SLICE_X1Y94          LUT6 (Prop_lut6_I0_O)        0.045     0.696 r  uut/stateNext[0]_i_1/O
                         net (fo=1, routed)           0.000     0.696    uut/stateNext[0]_i_1_n_0
    SLICE_X1Y94          FDRE                                         r  uut/stateNext_reg[0]/D
  -------------------------------------------------------------------    -------------------

                         (clock sys_clk_pin rise edge)
                                                      0.000     0.000 r  
    E3                                                0.000     0.000 r  clk (IN)
                         net (fo=0)                   0.000     0.000    clk
    E3                   IBUF (Prop_ibuf_I_O)         0.438     0.438 r  clk_IBUF_inst/O
                         net (fo=1, routed)           0.699     1.136    clk_IBUF
    BUFGCTRL_X0Y16       BUFG (Prop_bufg_I_O)         0.029     1.165 r  clk_IBUF_BUFG_inst/O
                         net (fo=46, routed)          0.877     2.042    uut/clk_IBUF_BUFG
    SLICE_X1Y94          FDRE                                         r  uut/stateNext_reg[0]/C

Slack:                    inf
  Source:                 uartController/txDone_reg/C
                            (rising edge-triggered cell FDRE)
  Destination:            fifo/stateNext_reg/D
                            (rising edge-triggered cell FDRE clocked by sys_clk_pin  {rise@0.000ns fall@5.000ns period=10.000ns})
  Path Group:             (none)
  Path Type:              Hold (Min at Fast Process Corner)
  Data Path Delay:        0.816ns  (logic 0.226ns (27.702%)  route 0.590ns (72.298%))
  Logic Levels:           2  (FDRE=1 LUT4=1)
  Clock Uncertainty:      0.025ns  ((TSJ^2 + TIJ^2)^1/2 + DJ) / 2 + PE
    Total System Jitter     (TSJ):    0.050ns
    Total Input Jitter      (TIJ):    0.000ns
    Discrete Jitter          (DJ):    0.000ns
    Phase Error              (PE):    0.000ns

    Location             Delay type                Incr(ns)  Path(ns)    Netlist Resource(s)
  -------------------------------------------------------------------    -------------------
    SLICE_X3Y92          FDRE                         0.000     0.000 r  uartController/txDone_reg/C
    SLICE_X3Y92          FDRE (Prop_fdre_C_Q)         0.128     0.128 f  uartController/txDone_reg/Q
                         net (fo=6, routed)           0.590     0.718    fifo/txDone
    SLICE_X3Y93          LUT4 (Prop_lut4_I1_O)        0.098     0.816 r  fifo/stateNext_i_1__1/O
                         net (fo=1, routed)           0.000     0.816    fifo/stateNext_i_1__1_n_0
    SLICE_X3Y93          FDRE                                         r  fifo/stateNext_reg/D
  -------------------------------------------------------------------    -------------------

                         (clock sys_clk_pin rise edge)
                                                      0.000     0.000 r  
    E3                                                0.000     0.000 r  clk (IN)
                         net (fo=0)                   0.000     0.000    clk
    E3                   IBUF (Prop_ibuf_I_O)         0.438     0.438 r  clk_IBUF_inst/O
                         net (fo=1, routed)           0.699     1.136    clk_IBUF
    BUFGCTRL_X0Y16       BUFG (Prop_bufg_I_O)         0.029     1.165 r  clk_IBUF_BUFG_inst/O
                         net (fo=46, routed)          0.877     2.042    fifo/clk_IBUF_BUFG
    SLICE_X3Y93          FDRE                                         r  fifo/stateNext_reg/C

Slack:                    inf
  Source:                 uartController/txDone_reg/C
                            (rising edge-triggered cell FDRE)
  Destination:            uut/sendCommandCounter_reg[0]/CE
                            (rising edge-triggered cell FDRE clocked by sys_clk_pin  {rise@0.000ns fall@5.000ns period=10.000ns})
  Path Group:             (none)
  Path Type:              Hold (Min at Fast Process Corner)
  Data Path Delay:        0.831ns  (logic 0.271ns (32.625%)  route 0.560ns (67.375%))
  Logic Levels:           3  (FDRE=1 LUT6=2)
  Clock Uncertainty:      0.025ns  ((TSJ^2 + TIJ^2)^1/2 + DJ) / 2 + PE
    Total System Jitter     (TSJ):    0.050ns
    Total Input Jitter      (TIJ):    0.000ns
    Discrete Jitter          (DJ):    0.000ns
    Phase Error              (PE):    0.000ns

    Location             Delay type                Incr(ns)  Path(ns)    Netlist Resource(s)
  -------------------------------------------------------------------    -------------------
    SLICE_X3Y92          FDRE                         0.000     0.000 r  uartController/txDone_reg/C
    SLICE_X3Y92          FDRE (Prop_fdre_C_Q)         0.128     0.128 r  uartController/txDone_reg/Q
                         net (fo=6, routed)           0.237     0.365    uut/txDone
    SLICE_X1Y93          LUT6 (Prop_lut6_I0_O)        0.098     0.463 r  uut/sendCommandCounter[3]_i_3/O
                         net (fo=2, routed)           0.146     0.609    uut/sendCommandCounter[3]_i_3_n_0
    SLICE_X1Y94          LUT6 (Prop_lut6_I5_O)        0.045     0.654 r  uut/sendCommandCounter[3]_i_1/O
                         net (fo=4, routed)           0.176     0.831    uut/sendCommandCounter[3]_i_1_n_0
    SLICE_X2Y94          FDRE                                         r  uut/sendCommandCounter_reg[0]/CE
  -------------------------------------------------------------------    -------------------

                         (clock sys_clk_pin rise edge)
                                                      0.000     0.000 r  
    E3                                                0.000     0.000 r  clk (IN)
                         net (fo=0)                   0.000     0.000    clk
    E3                   IBUF (Prop_ibuf_I_O)         0.438     0.438 r  clk_IBUF_inst/O
                         net (fo=1, routed)           0.699     1.136    clk_IBUF
    BUFGCTRL_X0Y16       BUFG (Prop_bufg_I_O)         0.029     1.165 r  clk_IBUF_BUFG_inst/O
                         net (fo=46, routed)          0.877     2.042    uut/clk_IBUF_BUFG
    SLICE_X2Y94          FDRE                                         r  uut/sendCommandCounter_reg[0]/C

Slack:                    inf
  Source:                 uartController/txDone_reg/C
                            (rising edge-triggered cell FDRE)
  Destination:            uut/sendCommandCounter_reg[1]/CE
                            (rising edge-triggered cell FDRE clocked by sys_clk_pin  {rise@0.000ns fall@5.000ns period=10.000ns})
  Path Group:             (none)
  Path Type:              Hold (Min at Fast Process Corner)
  Data Path Delay:        0.831ns  (logic 0.271ns (32.625%)  route 0.560ns (67.375%))
  Logic Levels:           3  (FDRE=1 LUT6=2)
  Clock Uncertainty:      0.025ns  ((TSJ^2 + TIJ^2)^1/2 + DJ) / 2 + PE
    Total System Jitter     (TSJ):    0.050ns
    Total Input Jitter      (TIJ):    0.000ns
    Discrete Jitter          (DJ):    0.000ns
    Phase Error              (PE):    0.000ns

    Location             Delay type                Incr(ns)  Path(ns)    Netlist Resource(s)
  -------------------------------------------------------------------    -------------------
    SLICE_X3Y92          FDRE                         0.000     0.000 r  uartController/txDone_reg/C
    SLICE_X3Y92          FDRE (Prop_fdre_C_Q)         0.128     0.128 r  uartController/txDone_reg/Q
                         net (fo=6, routed)           0.237     0.365    uut/txDone
    SLICE_X1Y93          LUT6 (Prop_lut6_I0_O)        0.098     0.463 r  uut/sendCommandCounter[3]_i_3/O
                         net (fo=2, routed)           0.146     0.609    uut/sendCommandCounter[3]_i_3_n_0
    SLICE_X1Y94          LUT6 (Prop_lut6_I5_O)        0.045     0.654 r  uut/sendCommandCounter[3]_i_1/O
                         net (fo=4, routed)           0.176     0.831    uut/sendCommandCounter[3]_i_1_n_0
    SLICE_X2Y94          FDRE                                         r  uut/sendCommandCounter_reg[1]/CE
  -------------------------------------------------------------------    -------------------

                         (clock sys_clk_pin rise edge)
                                                      0.000     0.000 r  
    E3                                                0.000     0.000 r  clk (IN)
                         net (fo=0)                   0.000     0.000    clk
    E3                   IBUF (Prop_ibuf_I_O)         0.438     0.438 r  clk_IBUF_inst/O
                         net (fo=1, routed)           0.699     1.136    clk_IBUF
    BUFGCTRL_X0Y16       BUFG (Prop_bufg_I_O)         0.029     1.165 r  clk_IBUF_BUFG_inst/O
                         net (fo=46, routed)          0.877     2.042    uut/clk_IBUF_BUFG
    SLICE_X2Y94          FDRE                                         r  uut/sendCommandCounter_reg[1]/C

Slack:                    inf
  Source:                 uartController/txDone_reg/C
                            (rising edge-triggered cell FDRE)
  Destination:            uut/sendCommandCounter_reg[2]/CE
                            (rising edge-triggered cell FDRE clocked by sys_clk_pin  {rise@0.000ns fall@5.000ns period=10.000ns})
  Path Group:             (none)
  Path Type:              Hold (Min at Fast Process Corner)
  Data Path Delay:        0.831ns  (logic 0.271ns (32.625%)  route 0.560ns (67.375%))
  Logic Levels:           3  (FDRE=1 LUT6=2)
  Clock Uncertainty:      0.025ns  ((TSJ^2 + TIJ^2)^1/2 + DJ) / 2 + PE
    Total System Jitter     (TSJ):    0.050ns
    Total Input Jitter      (TIJ):    0.000ns
    Discrete Jitter          (DJ):    0.000ns
    Phase Error              (PE):    0.000ns

    Location             Delay type                Incr(ns)  Path(ns)    Netlist Resource(s)
  -------------------------------------------------------------------    -------------------
    SLICE_X3Y92          FDRE                         0.000     0.000 r  uartController/txDone_reg/C
    SLICE_X3Y92          FDRE (Prop_fdre_C_Q)         0.128     0.128 r  uartController/txDone_reg/Q
                         net (fo=6, routed)           0.237     0.365    uut/txDone
    SLICE_X1Y93          LUT6 (Prop_lut6_I0_O)        0.098     0.463 r  uut/sendCommandCounter[3]_i_3/O
                         net (fo=2, routed)           0.146     0.609    uut/sendCommandCounter[3]_i_3_n_0
    SLICE_X1Y94          LUT6 (Prop_lut6_I5_O)        0.045     0.654 r  uut/sendCommandCounter[3]_i_1/O
                         net (fo=4, routed)           0.176     0.831    uut/sendCommandCounter[3]_i_1_n_0
    SLICE_X2Y94          FDRE                                         r  uut/sendCommandCounter_reg[2]/CE
  -------------------------------------------------------------------    -------------------

                         (clock sys_clk_pin rise edge)
                                                      0.000     0.000 r  
    E3                                                0.000     0.000 r  clk (IN)
                         net (fo=0)                   0.000     0.000    clk
    E3                   IBUF (Prop_ibuf_I_O)         0.438     0.438 r  clk_IBUF_inst/O
                         net (fo=1, routed)           0.699     1.136    clk_IBUF
    BUFGCTRL_X0Y16       BUFG (Prop_bufg_I_O)         0.029     1.165 r  clk_IBUF_BUFG_inst/O
                         net (fo=46, routed)          0.877     2.042    uut/clk_IBUF_BUFG
    SLICE_X2Y94          FDRE                                         r  uut/sendCommandCounter_reg[2]/C

Slack:                    inf
  Source:                 uartController/txDone_reg/C
                            (rising edge-triggered cell FDRE)
  Destination:            uut/sendCommandCounter_reg[3]/CE
                            (rising edge-triggered cell FDRE clocked by sys_clk_pin  {rise@0.000ns fall@5.000ns period=10.000ns})
  Path Group:             (none)
  Path Type:              Hold (Min at Fast Process Corner)
  Data Path Delay:        0.831ns  (logic 0.271ns (32.625%)  route 0.560ns (67.375%))
  Logic Levels:           3  (FDRE=1 LUT6=2)
  Clock Uncertainty:      0.025ns  ((TSJ^2 + TIJ^2)^1/2 + DJ) / 2 + PE
    Total System Jitter     (TSJ):    0.050ns
    Total Input Jitter      (TIJ):    0.000ns
    Discrete Jitter          (DJ):    0.000ns
    Phase Error              (PE):    0.000ns

    Location             Delay type                Incr(ns)  Path(ns)    Netlist Resource(s)
  -------------------------------------------------------------------    -------------------
    SLICE_X3Y92          FDRE                         0.000     0.000 r  uartController/txDone_reg/C
    SLICE_X3Y92          FDRE (Prop_fdre_C_Q)         0.128     0.128 r  uartController/txDone_reg/Q
                         net (fo=6, routed)           0.237     0.365    uut/txDone
    SLICE_X1Y93          LUT6 (Prop_lut6_I0_O)        0.098     0.463 r  uut/sendCommandCounter[3]_i_3/O
                         net (fo=2, routed)           0.146     0.609    uut/sendCommandCounter[3]_i_3_n_0
    SLICE_X1Y94          LUT6 (Prop_lut6_I5_O)        0.045     0.654 r  uut/sendCommandCounter[3]_i_1/O
                         net (fo=4, routed)           0.176     0.831    uut/sendCommandCounter[3]_i_1_n_0
    SLICE_X2Y94          FDRE                                         r  uut/sendCommandCounter_reg[3]/CE
  -------------------------------------------------------------------    -------------------

                         (clock sys_clk_pin rise edge)
                                                      0.000     0.000 r  
    E3                                                0.000     0.000 r  clk (IN)
                         net (fo=0)                   0.000     0.000    clk
    E3                   IBUF (Prop_ibuf_I_O)         0.438     0.438 r  clk_IBUF_inst/O
                         net (fo=1, routed)           0.699     1.136    clk_IBUF
    BUFGCTRL_X0Y16       BUFG (Prop_bufg_I_O)         0.029     1.165 r  clk_IBUF_BUFG_inst/O
                         net (fo=46, routed)          0.877     2.042    uut/clk_IBUF_BUFG
    SLICE_X2Y94          FDRE                                         r  uut/sendCommandCounter_reg[3]/C

Slack:                    inf
  Source:                 rst
                            (input port)
  Destination:            bd/counter_reg[1]/D
                            (rising edge-triggered cell FDRE clocked by sys_clk_pin  {rise@0.000ns fall@5.000ns period=10.000ns})
  Path Group:             (none)
  Path Type:              Hold (Min at Fast Process Corner)
  Data Path Delay:        0.919ns  (logic 0.289ns (31.509%)  route 0.629ns (68.491%))
  Logic Levels:           2  (IBUF=1 LUT4=1)
  Clock Path Skew:        2.038ns (DCD - SCD - CPR)
    Destination Clock Delay (DCD):    2.038ns
    Source Clock Delay      (SCD):    0.000ns
    Clock Pessimism Removal (CPR):    -0.000ns

    Location             Delay type                Incr(ns)  Path(ns)    Netlist Resource(s)
  -------------------------------------------------------------------    -------------------
    N17                                               0.000     0.000 f  rst (IN)
                         net (fo=0)                   0.000     0.000    rst
    N17                  IBUF (Prop_ibuf_I_O)         0.244     0.244 f  rst_IBUF_inst/O
                         net (fo=16, routed)          0.629     0.874    bd/rst_IBUF
    SLICE_X6Y92          LUT4 (Prop_lut4_I0_O)        0.045     0.919 r  bd/counter[1]_i_1/O
                         net (fo=1, routed)           0.000     0.919    bd/counter[1]
    SLICE_X6Y92          FDRE                                         r  bd/counter_reg[1]/D
  -------------------------------------------------------------------    -------------------

                         (clock sys_clk_pin rise edge)
                                                      0.000     0.000 r  
    E3                                                0.000     0.000 r  clk (IN)
                         net (fo=0)                   0.000     0.000    clk
    E3                   IBUF (Prop_ibuf_I_O)         0.438     0.438 r  clk_IBUF_inst/O
                         net (fo=1, routed)           0.699     1.136    clk_IBUF
    BUFGCTRL_X0Y16       BUFG (Prop_bufg_I_O)         0.029     1.165 r  clk_IBUF_BUFG_inst/O
                         net (fo=46, routed)          0.873     2.038    bd/clk_IBUF_BUFG
    SLICE_X6Y92          FDRE                                         r  bd/counter_reg[1]/C

Slack:                    inf
  Source:                 rst
                            (input port)
  Destination:            bd/counter_reg[2]/D
                            (rising edge-triggered cell FDRE clocked by sys_clk_pin  {rise@0.000ns fall@5.000ns period=10.000ns})
  Path Group:             (none)
  Path Type:              Hold (Min at Fast Process Corner)
  Data Path Delay:        0.922ns  (logic 0.292ns (31.732%)  route 0.629ns (68.268%))
  Logic Levels:           2  (IBUF=1 LUT5=1)
  Clock Path Skew:        2.038ns (DCD - SCD - CPR)
    Destination Clock Delay (DCD):    2.038ns
    Source Clock Delay      (SCD):    0.000ns
    Clock Pessimism Removal (CPR):    -0.000ns

    Location             Delay type                Incr(ns)  Path(ns)    Netlist Resource(s)
  -------------------------------------------------------------------    -------------------
    N17                                               0.000     0.000 f  rst (IN)
                         net (fo=0)                   0.000     0.000    rst
    N17                  IBUF (Prop_ibuf_I_O)         0.244     0.244 f  rst_IBUF_inst/O
                         net (fo=16, routed)          0.629     0.874    bd/rst_IBUF
    SLICE_X6Y92          LUT5 (Prop_lut5_I0_O)        0.048     0.922 r  bd/counter[2]_i_1/O
                         net (fo=1, routed)           0.000     0.922    bd/counter[2]
    SLICE_X6Y92          FDRE                                         r  bd/counter_reg[2]/D
  -------------------------------------------------------------------    -------------------

                         (clock sys_clk_pin rise edge)
                                                      0.000     0.000 r  
    E3                                                0.000     0.000 r  clk (IN)
                         net (fo=0)                   0.000     0.000    clk
    E3                   IBUF (Prop_ibuf_I_O)         0.438     0.438 r  clk_IBUF_inst/O
                         net (fo=1, routed)           0.699     1.136    clk_IBUF
    BUFGCTRL_X0Y16       BUFG (Prop_bufg_I_O)         0.029     1.165 r  clk_IBUF_BUFG_inst/O
                         net (fo=46, routed)          0.873     2.038    bd/clk_IBUF_BUFG
    SLICE_X6Y92          FDRE                                         r  bd/counter_reg[2]/C





